Key;Value
If significantly different from IfElse - Time;0.4192908584135522
If significantly different from IfElse - Package;0.00018785238648000302
If significantly different from IfElse - DRAM;0.32938149490067414
If significantly different from IfElseIf - Time;0.7917637438879188
If significantly different from IfElseIf - Package;0.00013688521676002985
If significantly different from IfElseIf - DRAM;0.8107225880600604
IfElse significantly different from IfElseIf - Time;0.5043212333561007
IfElse significantly different from IfElseIf - Package;0.5456154561442994
IfElse significantly different from IfElseIf - DRAM;0.46793295907732535
