Key;Value
Subtraction significantly different from Const - Time;2.220446049250313E-16
Subtraction significantly different from Const - Package;4.5792702962899057E-11
Subtraction significantly different from Const - DRAM;2.220446049250313E-16
Subtraction significantly different from SubtractionAssign - Time;2.220446049250313E-16
Subtraction significantly different from SubtractionAssign - Package;3.552713678800501E-15
Subtraction significantly different from SubtractionAssign - DRAM;2.220446049250313E-16
Subtraction significantly different from Assign - Time;2.220446049250313E-16
Subtraction significantly different from Assign - Package;2.220446049250313E-16
Subtraction significantly different from Assign - DRAM;2.220446049250313E-16
Const significantly different from SubtractionAssign - Time;2.220446049250313E-16
Const significantly different from SubtractionAssign - Package;2.220446049250313E-16
Const significantly different from SubtractionAssign - DRAM;2.220446049250313E-16
Const significantly different from Assign - Time;2.220446049250313E-16
Const significantly different from Assign - Package;2.220446049250313E-16
Const significantly different from Assign - DRAM;2.220446049250313E-16
SubtractionAssign significantly different from Assign - Time;0.20620999770278026
SubtractionAssign significantly different from Assign - Package;0.000862143326544107
SubtractionAssign significantly different from Assign - DRAM;0.6707289068194116
