Key;Value
Delegate significantly different from DelegateStatic - Time;2.220446049250313E-16
Delegate significantly different from DelegateStatic - Package;6.750600078930802E-12
Delegate significantly different from DelegateStatic - DRAM;2.220446049250313E-16
Delegate significantly different from DelegateLambda - Time;0.610948161592245
Delegate significantly different from DelegateLambda - Package;5.799536406669858E-10
Delegate significantly different from DelegateLambda - DRAM;0.28689657251405754
Delegate significantly different from DelegateLambdaStatic - Time;2.220446049250313E-16
Delegate significantly different from DelegateLambdaStatic - Package;2.220446049250313E-16
Delegate significantly different from DelegateLambdaStatic - DRAM;2.220446049250313E-16
DelegateStatic significantly different from DelegateLambda - Time;2.220446049250313E-16
DelegateStatic significantly different from DelegateLambda - Package;0.006475529731256202
DelegateStatic significantly different from DelegateLambda - DRAM;2.220446049250313E-16
DelegateStatic significantly different from DelegateLambdaStatic - Time;2.220446049250313E-16
DelegateStatic significantly different from DelegateLambdaStatic - Package;2.220446049250313E-16
DelegateStatic significantly different from DelegateLambdaStatic - DRAM;2.220446049250313E-16
DelegateLambda significantly different from DelegateLambdaStatic - Time;2.220446049250313E-16
DelegateLambda significantly different from DelegateLambdaStatic - Package;2.220446049250313E-16
DelegateLambda significantly different from DelegateLambdaStatic - DRAM;2.220446049250313E-16
