Key;Value
ConcurrentDictionaryCreation significantly different from DictionaryCreation - Time;2.220446049250313E-16
ConcurrentDictionaryCreation significantly different from DictionaryCreation - Package;2.220446049250313E-16
ConcurrentDictionaryCreation significantly different from DictionaryCreation - DRAM;2.220446049250313E-16
ConcurrentDictionaryCreation significantly different from HashtableCreation - Time;2.220446049250313E-16
ConcurrentDictionaryCreation significantly different from HashtableCreation - Package;2.220446049250313E-16
ConcurrentDictionaryCreation significantly different from HashtableCreation - DRAM;2.220446049250313E-16
ConcurrentDictionaryCreation significantly different from ImmutableDictionaryCreation - Time;2.220446049250313E-16
ConcurrentDictionaryCreation significantly different from ImmutableDictionaryCreation - Package;2.220446049250313E-16
ConcurrentDictionaryCreation significantly different from ImmutableDictionaryCreation - DRAM;2.220446049250313E-16
ConcurrentDictionaryCreation significantly different from ImmutableSortedDictionaryCreation - Time;2.220446049250313E-16
ConcurrentDictionaryCreation significantly different from ImmutableSortedDictionaryCreation - Package;2.220446049250313E-16
ConcurrentDictionaryCreation significantly different from ImmutableSortedDictionaryCreation - DRAM;2.220446049250313E-16
ConcurrentDictionaryCreation significantly different from SortedDictionaryCreation - Time;2.220446049250313E-16
ConcurrentDictionaryCreation significantly different from SortedDictionaryCreation - Package;2.220446049250313E-16
ConcurrentDictionaryCreation significantly different from SortedDictionaryCreation - DRAM;2.220446049250313E-16
ConcurrentDictionaryCreation significantly different from SortedListCreation - Time;2.220446049250313E-16
ConcurrentDictionaryCreation significantly different from SortedListCreation - Package;2.220446049250313E-16
ConcurrentDictionaryCreation significantly different from SortedListCreation - DRAM;2.220446049250313E-16
DictionaryCreation significantly different from HashtableCreation - Time;2.220446049250313E-16
DictionaryCreation significantly different from HashtableCreation - Package;2.220446049250313E-16
DictionaryCreation significantly different from HashtableCreation - DRAM;2.220446049250313E-16
DictionaryCreation significantly different from ImmutableDictionaryCreation - Time;2.220446049250313E-16
DictionaryCreation significantly different from ImmutableDictionaryCreation - Package;2.220446049250313E-16
DictionaryCreation significantly different from ImmutableDictionaryCreation - DRAM;2.220446049250313E-16
DictionaryCreation significantly different from ImmutableSortedDictionaryCreation - Time;2.220446049250313E-16
DictionaryCreation significantly different from ImmutableSortedDictionaryCreation - Package;2.220446049250313E-16
DictionaryCreation significantly different from ImmutableSortedDictionaryCreation - DRAM;2.220446049250313E-16
DictionaryCreation significantly different from SortedDictionaryCreation - Time;2.220446049250313E-16
DictionaryCreation significantly different from SortedDictionaryCreation - Package;2.220446049250313E-16
DictionaryCreation significantly different from SortedDictionaryCreation - DRAM;2.220446049250313E-16
DictionaryCreation significantly different from SortedListCreation - Time;2.220446049250313E-16
DictionaryCreation significantly different from SortedListCreation - Package;2.220446049250313E-16
DictionaryCreation significantly different from SortedListCreation - DRAM;2.220446049250313E-16
HashtableCreation significantly different from ImmutableDictionaryCreation - Time;2.220446049250313E-16
HashtableCreation significantly different from ImmutableDictionaryCreation - Package;2.220446049250313E-16
HashtableCreation significantly different from ImmutableDictionaryCreation - DRAM;2.220446049250313E-16
HashtableCreation significantly different from ImmutableSortedDictionaryCreation - Time;2.220446049250313E-16
HashtableCreation significantly different from ImmutableSortedDictionaryCreation - Package;2.220446049250313E-16
HashtableCreation significantly different from ImmutableSortedDictionaryCreation - DRAM;2.220446049250313E-16
HashtableCreation significantly different from SortedDictionaryCreation - Time;2.220446049250313E-16
HashtableCreation significantly different from SortedDictionaryCreation - Package;2.220446049250313E-16
HashtableCreation significantly different from SortedDictionaryCreation - DRAM;2.220446049250313E-16
HashtableCreation significantly different from SortedListCreation - Time;2.220446049250313E-16
HashtableCreation significantly different from SortedListCreation - Package;2.220446049250313E-16
HashtableCreation significantly different from SortedListCreation - DRAM;2.220446049250313E-16
ImmutableDictionaryCreation significantly different from ImmutableSortedDictionaryCreation - Time;2.220446049250313E-16
ImmutableDictionaryCreation significantly different from ImmutableSortedDictionaryCreation - Package;2.220446049250313E-16
ImmutableDictionaryCreation significantly different from ImmutableSortedDictionaryCreation - DRAM;2.220446049250313E-16
ImmutableDictionaryCreation significantly different from SortedDictionaryCreation - Time;2.220446049250313E-16
ImmutableDictionaryCreation significantly different from SortedDictionaryCreation - Package;2.220446049250313E-16
ImmutableDictionaryCreation significantly different from SortedDictionaryCreation - DRAM;2.220446049250313E-16
ImmutableDictionaryCreation significantly different from SortedListCreation - Time;2.220446049250313E-16
ImmutableDictionaryCreation significantly different from SortedListCreation - Package;2.220446049250313E-16
ImmutableDictionaryCreation significantly different from SortedListCreation - DRAM;2.220446049250313E-16
ImmutableSortedDictionaryCreation significantly different from SortedDictionaryCreation - Time;2.220446049250313E-16
ImmutableSortedDictionaryCreation significantly different from SortedDictionaryCreation - Package;2.220446049250313E-16
ImmutableSortedDictionaryCreation significantly different from SortedDictionaryCreation - DRAM;2.220446049250313E-16
ImmutableSortedDictionaryCreation significantly different from SortedListCreation - Time;2.220446049250313E-16
ImmutableSortedDictionaryCreation significantly different from SortedListCreation - Package;2.220446049250313E-16
ImmutableSortedDictionaryCreation significantly different from SortedListCreation - DRAM;2.220446049250313E-16
SortedDictionaryCreation significantly different from SortedListCreation - Time;2.220446049250313E-16
SortedDictionaryCreation significantly different from SortedListCreation - Package;2.220446049250313E-16
SortedDictionaryCreation significantly different from SortedListCreation - DRAM;2.220446049250313E-16
