Key;Value
LinqSum significantly different from LinqSumForEachEquivalent - Time;2.220446049250313E-16
LinqSum significantly different from LinqSumForEachEquivalent - Package;2.220446049250313E-16
LinqSum significantly different from LinqSumForEachEquivalent - DRAM;2.220446049250313E-16
LinqSum significantly different from LinqSumForEquivalent - Time;2.220446049250313E-16
LinqSum significantly different from LinqSumForEquivalent - Package;2.220446049250313E-16
LinqSum significantly different from LinqSumForEquivalent - DRAM;2.220446049250313E-16
LinqSum significantly different from LinqMin - Time;2.220446049250313E-16
LinqSum significantly different from LinqMin - Package;2.220446049250313E-16
LinqSum significantly different from LinqMin - DRAM;2.220446049250313E-16
LinqSum significantly different from LinqMinForEachEquivalent - Time;2.220446049250313E-16
LinqSum significantly different from LinqMinForEachEquivalent - Package;2.220446049250313E-16
LinqSum significantly different from LinqMinForEachEquivalent - DRAM;2.220446049250313E-16
LinqSum significantly different from LinqMinForEquivalent - Time;2.220446049250313E-16
LinqSum significantly different from LinqMinForEquivalent - Package;2.220446049250313E-16
LinqSum significantly different from LinqMinForEquivalent - DRAM;2.220446049250313E-16
LinqSum significantly different from LinqSelectSum - Time;2.220446049250313E-16
LinqSum significantly different from LinqSelectSum - Package;2.220446049250313E-16
LinqSum significantly different from LinqSelectSum - DRAM;2.220446049250313E-16
LinqSum significantly different from LinqSelectSumForEachEquivalent - Time;2.220446049250313E-16
LinqSum significantly different from LinqSelectSumForEachEquivalent - Package;2.220446049250313E-16
LinqSum significantly different from LinqSelectSumForEachEquivalent - DRAM;2.220446049250313E-16
LinqSum significantly different from LinqSelectSumForEquivalent - Time;2.220446049250313E-16
LinqSum significantly different from LinqSelectSumForEquivalent - Package;2.220446049250313E-16
LinqSum significantly different from LinqSelectSumForEquivalent - DRAM;2.220446049250313E-16
LinqSumForEachEquivalent significantly different from LinqSumForEquivalent - Time;2.220446049250313E-16
LinqSumForEachEquivalent significantly different from LinqSumForEquivalent - Package;2.220446049250313E-16
LinqSumForEachEquivalent significantly different from LinqSumForEquivalent - DRAM;2.220446049250313E-16
LinqSumForEachEquivalent significantly different from LinqMin - Time;2.220446049250313E-16
LinqSumForEachEquivalent significantly different from LinqMin - Package;2.220446049250313E-16
LinqSumForEachEquivalent significantly different from LinqMin - DRAM;2.220446049250313E-16
LinqSumForEachEquivalent significantly different from LinqMinForEachEquivalent - Time;2.220446049250313E-16
LinqSumForEachEquivalent significantly different from LinqMinForEachEquivalent - Package;2.220446049250313E-16
LinqSumForEachEquivalent significantly different from LinqMinForEachEquivalent - DRAM;2.220446049250313E-16
LinqSumForEachEquivalent significantly different from LinqMinForEquivalent - Time;2.220446049250313E-16
LinqSumForEachEquivalent significantly different from LinqMinForEquivalent - Package;2.220446049250313E-16
LinqSumForEachEquivalent significantly different from LinqMinForEquivalent - DRAM;2.220446049250313E-16
LinqSumForEachEquivalent significantly different from LinqSelectSum - Time;2.220446049250313E-16
LinqSumForEachEquivalent significantly different from LinqSelectSum - Package;2.220446049250313E-16
LinqSumForEachEquivalent significantly different from LinqSelectSum - DRAM;2.220446049250313E-16
LinqSumForEachEquivalent significantly different from LinqSelectSumForEachEquivalent - Time;2.220446049250313E-16
LinqSumForEachEquivalent significantly different from LinqSelectSumForEachEquivalent - Package;2.220446049250313E-16
LinqSumForEachEquivalent significantly different from LinqSelectSumForEachEquivalent - DRAM;2.220446049250313E-16
LinqSumForEachEquivalent significantly different from LinqSelectSumForEquivalent - Time;2.220446049250313E-16
LinqSumForEachEquivalent significantly different from LinqSelectSumForEquivalent - Package;2.220446049250313E-16
LinqSumForEachEquivalent significantly different from LinqSelectSumForEquivalent - DRAM;2.220446049250313E-16
LinqSumForEquivalent significantly different from LinqMin - Time;2.220446049250313E-16
LinqSumForEquivalent significantly different from LinqMin - Package;2.220446049250313E-16
LinqSumForEquivalent significantly different from LinqMin - DRAM;2.220446049250313E-16
LinqSumForEquivalent significantly different from LinqMinForEachEquivalent - Time;2.220446049250313E-16
LinqSumForEquivalent significantly different from LinqMinForEachEquivalent - Package;2.220446049250313E-16
LinqSumForEquivalent significantly different from LinqMinForEachEquivalent - DRAM;2.220446049250313E-16
LinqSumForEquivalent significantly different from LinqMinForEquivalent - Time;2.220446049250313E-16
LinqSumForEquivalent significantly different from LinqMinForEquivalent - Package;2.220446049250313E-16
LinqSumForEquivalent significantly different from LinqMinForEquivalent - DRAM;2.220446049250313E-16
LinqSumForEquivalent significantly different from LinqSelectSum - Time;2.220446049250313E-16
LinqSumForEquivalent significantly different from LinqSelectSum - Package;2.220446049250313E-16
LinqSumForEquivalent significantly different from LinqSelectSum - DRAM;2.220446049250313E-16
LinqSumForEquivalent significantly different from LinqSelectSumForEachEquivalent - Time;2.220446049250313E-16
LinqSumForEquivalent significantly different from LinqSelectSumForEachEquivalent - Package;2.220446049250313E-16
LinqSumForEquivalent significantly different from LinqSelectSumForEachEquivalent - DRAM;2.220446049250313E-16
LinqSumForEquivalent significantly different from LinqSelectSumForEquivalent - Time;2.220446049250313E-16
LinqSumForEquivalent significantly different from LinqSelectSumForEquivalent - Package;2.220446049250313E-16
LinqSumForEquivalent significantly different from LinqSelectSumForEquivalent - DRAM;2.220446049250313E-16
LinqMin significantly different from LinqMinForEachEquivalent - Time;2.220446049250313E-16
LinqMin significantly different from LinqMinForEachEquivalent - Package;2.220446049250313E-16
LinqMin significantly different from LinqMinForEachEquivalent - DRAM;2.220446049250313E-16
LinqMin significantly different from LinqMinForEquivalent - Time;2.220446049250313E-16
LinqMin significantly different from LinqMinForEquivalent - Package;2.220446049250313E-16
LinqMin significantly different from LinqMinForEquivalent - DRAM;2.220446049250313E-16
LinqMin significantly different from LinqSelectSum - Time;2.220446049250313E-16
LinqMin significantly different from LinqSelectSum - Package;2.220446049250313E-16
LinqMin significantly different from LinqSelectSum - DRAM;2.220446049250313E-16
LinqMin significantly different from LinqSelectSumForEachEquivalent - Time;2.220446049250313E-16
LinqMin significantly different from LinqSelectSumForEachEquivalent - Package;2.220446049250313E-16
LinqMin significantly different from LinqSelectSumForEachEquivalent - DRAM;2.220446049250313E-16
LinqMin significantly different from LinqSelectSumForEquivalent - Time;2.220446049250313E-16
LinqMin significantly different from LinqSelectSumForEquivalent - Package;2.220446049250313E-16
LinqMin significantly different from LinqSelectSumForEquivalent - DRAM;2.220446049250313E-16
LinqMinForEachEquivalent significantly different from LinqMinForEquivalent - Time;2.220446049250313E-16
LinqMinForEachEquivalent significantly different from LinqMinForEquivalent - Package;8.504095694306102E-08
LinqMinForEachEquivalent significantly different from LinqMinForEquivalent - DRAM;4.511528928219377E-10
LinqMinForEachEquivalent significantly different from LinqSelectSum - Time;2.220446049250313E-16
LinqMinForEachEquivalent significantly different from LinqSelectSum - Package;2.220446049250313E-16
LinqMinForEachEquivalent significantly different from LinqSelectSum - DRAM;2.220446049250313E-16
LinqMinForEachEquivalent significantly different from LinqSelectSumForEachEquivalent - Time;2.220446049250313E-16
LinqMinForEachEquivalent significantly different from LinqSelectSumForEachEquivalent - Package;6.098913621577218E-05
LinqMinForEachEquivalent significantly different from LinqSelectSumForEachEquivalent - DRAM;2.220446049250313E-16
LinqMinForEachEquivalent significantly different from LinqSelectSumForEquivalent - Time;2.220446049250313E-16
LinqMinForEachEquivalent significantly different from LinqSelectSumForEquivalent - Package;0.007931944545132907
LinqMinForEachEquivalent significantly different from LinqSelectSumForEquivalent - DRAM;2.220446049250313E-16
LinqMinForEquivalent significantly different from LinqSelectSum - Time;2.220446049250313E-16
LinqMinForEquivalent significantly different from LinqSelectSum - Package;2.220446049250313E-16
LinqMinForEquivalent significantly different from LinqSelectSum - DRAM;2.220446049250313E-16
LinqMinForEquivalent significantly different from LinqSelectSumForEachEquivalent - Time;2.220446049250313E-16
LinqMinForEquivalent significantly different from LinqSelectSumForEachEquivalent - Package;0.29573943043050166
LinqMinForEquivalent significantly different from LinqSelectSumForEachEquivalent - DRAM;2.220446049250313E-16
LinqMinForEquivalent significantly different from LinqSelectSumForEquivalent - Time;2.220446049250313E-16
LinqMinForEquivalent significantly different from LinqSelectSumForEquivalent - Package;2.220446049250313E-16
LinqMinForEquivalent significantly different from LinqSelectSumForEquivalent - DRAM;2.220446049250313E-16
LinqSelectSum significantly different from LinqSelectSumForEachEquivalent - Time;2.220446049250313E-16
LinqSelectSum significantly different from LinqSelectSumForEachEquivalent - Package;2.220446049250313E-16
LinqSelectSum significantly different from LinqSelectSumForEachEquivalent - DRAM;2.220446049250313E-16
LinqSelectSum significantly different from LinqSelectSumForEquivalent - Time;2.220446049250313E-16
LinqSelectSum significantly different from LinqSelectSumForEquivalent - Package;2.220446049250313E-16
LinqSelectSum significantly different from LinqSelectSumForEquivalent - DRAM;2.220446049250313E-16
LinqSelectSumForEachEquivalent significantly different from LinqSelectSumForEquivalent - Time;0.6163678850825685
LinqSelectSumForEachEquivalent significantly different from LinqSelectSumForEquivalent - Package;1.566218159609889E-07
LinqSelectSumForEachEquivalent significantly different from LinqSelectSumForEquivalent - DRAM;0.8381403579140305
