Key;Value
ArrayGet significantly different from ArrayGetRandom - Time;0.8435585756356803
ArrayGet significantly different from ArrayGetRandom - Package;0.0001575940300959644
ArrayGet significantly different from ArrayGetRandom - DRAM;0.1659532801406689
ArrayGet significantly different from ArrayListGet - Time;2.220446049250313E-16
ArrayGet significantly different from ArrayListGet - Package;2.220446049250313E-16
ArrayGet significantly different from ArrayListGet - DRAM;2.220446049250313E-16
ArrayGet significantly different from ArrayListGetRandom - Time;2.220446049250313E-16
ArrayGet significantly different from ArrayListGetRandom - Package;2.220446049250313E-16
ArrayGet significantly different from ArrayListGetRandom - DRAM;2.220446049250313E-16
ArrayGet significantly different from ImmutableArrayGet - Time;2.220446049250313E-16
ArrayGet significantly different from ImmutableArrayGet - Package;4.3078873801505324E-12
ArrayGet significantly different from ImmutableArrayGet - DRAM;2.220446049250313E-16
ArrayGet significantly different from ImmutableArrayGetRandom - Time;2.220446049250313E-16
ArrayGet significantly different from ImmutableArrayGetRandom - Package;8.881784197001252E-16
ArrayGet significantly different from ImmutableArrayGetRandom - DRAM;2.220446049250313E-16
ArrayGet significantly different from ImmutableListGet - Time;2.220446049250313E-16
ArrayGet significantly different from ImmutableListGet - Package;2.220446049250313E-16
ArrayGet significantly different from ImmutableListGet - DRAM;2.220446049250313E-16
ArrayGet significantly different from ImmutableListGetRandom - Time;2.220446049250313E-16
ArrayGet significantly different from ImmutableListGetRandom - Package;2.220446049250313E-16
ArrayGet significantly different from ImmutableListGetRandom - DRAM;2.220446049250313E-16
ArrayGet significantly different from LinkedListGet - Time;2.220446049250313E-16
ArrayGet significantly different from LinkedListGet - Package;2.220446049250313E-16
ArrayGet significantly different from LinkedListGet - DRAM;2.220446049250313E-16
ArrayGet significantly different from LinkedListGetRandom - Time;2.220446049250313E-16
ArrayGet significantly different from LinkedListGetRandom - Package;2.220446049250313E-16
ArrayGet significantly different from LinkedListGetRandom - DRAM;2.220446049250313E-16
ArrayGet significantly different from ListGet - Time;2.220446049250313E-16
ArrayGet significantly different from ListGet - Package;2.220446049250313E-16
ArrayGet significantly different from ListGet - DRAM;2.220446049250313E-16
ArrayGet significantly different from ListGetRandom - Time;2.220446049250313E-16
ArrayGet significantly different from ListGetRandom - Package;2.220446049250313E-16
ArrayGet significantly different from ListGetRandom - DRAM;2.220446049250313E-16
ArrayGetRandom significantly different from ArrayListGet - Time;2.220446049250313E-16
ArrayGetRandom significantly different from ArrayListGet - Package;2.220446049250313E-16
ArrayGetRandom significantly different from ArrayListGet - DRAM;2.220446049250313E-16
ArrayGetRandom significantly different from ArrayListGetRandom - Time;2.220446049250313E-16
ArrayGetRandom significantly different from ArrayListGetRandom - Package;2.220446049250313E-16
ArrayGetRandom significantly different from ArrayListGetRandom - DRAM;2.220446049250313E-16
ArrayGetRandom significantly different from ImmutableArrayGet - Time;2.220446049250313E-16
ArrayGetRandom significantly different from ImmutableArrayGet - Package;5.750955267558311E-14
ArrayGetRandom significantly different from ImmutableArrayGet - DRAM;2.220446049250313E-16
ArrayGetRandom significantly different from ImmutableArrayGetRandom - Time;2.220446049250313E-16
ArrayGetRandom significantly different from ImmutableArrayGetRandom - Package;2.220446049250313E-16
ArrayGetRandom significantly different from ImmutableArrayGetRandom - DRAM;2.220446049250313E-16
ArrayGetRandom significantly different from ImmutableListGet - Time;2.220446049250313E-16
ArrayGetRandom significantly different from ImmutableListGet - Package;2.220446049250313E-16
ArrayGetRandom significantly different from ImmutableListGet - DRAM;2.220446049250313E-16
ArrayGetRandom significantly different from ImmutableListGetRandom - Time;2.220446049250313E-16
ArrayGetRandom significantly different from ImmutableListGetRandom - Package;2.220446049250313E-16
ArrayGetRandom significantly different from ImmutableListGetRandom - DRAM;2.220446049250313E-16
ArrayGetRandom significantly different from LinkedListGet - Time;2.220446049250313E-16
ArrayGetRandom significantly different from LinkedListGet - Package;2.220446049250313E-16
ArrayGetRandom significantly different from LinkedListGet - DRAM;2.220446049250313E-16
ArrayGetRandom significantly different from LinkedListGetRandom - Time;2.220446049250313E-16
ArrayGetRandom significantly different from LinkedListGetRandom - Package;2.220446049250313E-16
ArrayGetRandom significantly different from LinkedListGetRandom - DRAM;2.220446049250313E-16
ArrayGetRandom significantly different from ListGet - Time;2.220446049250313E-16
ArrayGetRandom significantly different from ListGet - Package;2.220446049250313E-16
ArrayGetRandom significantly different from ListGet - DRAM;2.220446049250313E-16
ArrayGetRandom significantly different from ListGetRandom - Time;2.220446049250313E-16
ArrayGetRandom significantly different from ListGetRandom - Package;2.220446049250313E-16
ArrayGetRandom significantly different from ListGetRandom - DRAM;2.220446049250313E-16
ArrayListGet significantly different from ArrayListGetRandom - Time;2.220446049250313E-16
ArrayListGet significantly different from ArrayListGetRandom - Package;2.220446049250313E-16
ArrayListGet significantly different from ArrayListGetRandom - DRAM;2.220446049250313E-16
ArrayListGet significantly different from ImmutableArrayGet - Time;2.220446049250313E-16
ArrayListGet significantly different from ImmutableArrayGet - Package;2.220446049250313E-16
ArrayListGet significantly different from ImmutableArrayGet - DRAM;2.220446049250313E-16
ArrayListGet significantly different from ImmutableArrayGetRandom - Time;2.220446049250313E-16
ArrayListGet significantly different from ImmutableArrayGetRandom - Package;2.220446049250313E-16
ArrayListGet significantly different from ImmutableArrayGetRandom - DRAM;2.220446049250313E-16
ArrayListGet significantly different from ImmutableListGet - Time;2.220446049250313E-16
ArrayListGet significantly different from ImmutableListGet - Package;2.220446049250313E-16
ArrayListGet significantly different from ImmutableListGet - DRAM;2.220446049250313E-16
ArrayListGet significantly different from ImmutableListGetRandom - Time;2.220446049250313E-16
ArrayListGet significantly different from ImmutableListGetRandom - Package;2.220446049250313E-16
ArrayListGet significantly different from ImmutableListGetRandom - DRAM;2.220446049250313E-16
ArrayListGet significantly different from LinkedListGet - Time;2.220446049250313E-16
ArrayListGet significantly different from LinkedListGet - Package;2.220446049250313E-16
ArrayListGet significantly different from LinkedListGet - DRAM;2.220446049250313E-16
ArrayListGet significantly different from LinkedListGetRandom - Time;2.220446049250313E-16
ArrayListGet significantly different from LinkedListGetRandom - Package;2.220446049250313E-16
ArrayListGet significantly different from LinkedListGetRandom - DRAM;2.220446049250313E-16
ArrayListGet significantly different from ListGet - Time;2.220446049250313E-16
ArrayListGet significantly different from ListGet - Package;2.220446049250313E-16
ArrayListGet significantly different from ListGet - DRAM;2.220446049250313E-16
ArrayListGet significantly different from ListGetRandom - Time;2.220446049250313E-16
ArrayListGet significantly different from ListGetRandom - Package;2.220446049250313E-16
ArrayListGet significantly different from ListGetRandom - DRAM;2.220446049250313E-16
ArrayListGetRandom significantly different from ImmutableArrayGet - Time;2.220446049250313E-16
ArrayListGetRandom significantly different from ImmutableArrayGet - Package;2.220446049250313E-16
ArrayListGetRandom significantly different from ImmutableArrayGet - DRAM;2.220446049250313E-16
ArrayListGetRandom significantly different from ImmutableArrayGetRandom - Time;2.220446049250313E-16
ArrayListGetRandom significantly different from ImmutableArrayGetRandom - Package;2.220446049250313E-16
ArrayListGetRandom significantly different from ImmutableArrayGetRandom - DRAM;2.220446049250313E-16
ArrayListGetRandom significantly different from ImmutableListGet - Time;2.220446049250313E-16
ArrayListGetRandom significantly different from ImmutableListGet - Package;2.220446049250313E-16
ArrayListGetRandom significantly different from ImmutableListGet - DRAM;2.220446049250313E-16
ArrayListGetRandom significantly different from ImmutableListGetRandom - Time;2.220446049250313E-16
ArrayListGetRandom significantly different from ImmutableListGetRandom - Package;2.220446049250313E-16
ArrayListGetRandom significantly different from ImmutableListGetRandom - DRAM;2.220446049250313E-16
ArrayListGetRandom significantly different from LinkedListGet - Time;2.220446049250313E-16
ArrayListGetRandom significantly different from LinkedListGet - Package;2.220446049250313E-16
ArrayListGetRandom significantly different from LinkedListGet - DRAM;2.220446049250313E-16
ArrayListGetRandom significantly different from LinkedListGetRandom - Time;2.220446049250313E-16
ArrayListGetRandom significantly different from LinkedListGetRandom - Package;2.220446049250313E-16
ArrayListGetRandom significantly different from LinkedListGetRandom - DRAM;2.220446049250313E-16
ArrayListGetRandom significantly different from ListGet - Time;2.220446049250313E-16
ArrayListGetRandom significantly different from ListGet - Package;2.220446049250313E-16
ArrayListGetRandom significantly different from ListGet - DRAM;2.220446049250313E-16
ArrayListGetRandom significantly different from ListGetRandom - Time;2.220446049250313E-16
ArrayListGetRandom significantly different from ListGetRandom - Package;2.220446049250313E-16
ArrayListGetRandom significantly different from ListGetRandom - DRAM;2.220446049250313E-16
ImmutableArrayGet significantly different from ImmutableArrayGetRandom - Time;0.27625988475798713
ImmutableArrayGet significantly different from ImmutableArrayGetRandom - Package;3.670261095045646E-07
ImmutableArrayGet significantly different from ImmutableArrayGetRandom - DRAM;0.9254688066593983
ImmutableArrayGet significantly different from ImmutableListGet - Time;2.220446049250313E-16
ImmutableArrayGet significantly different from ImmutableListGet - Package;2.220446049250313E-16
ImmutableArrayGet significantly different from ImmutableListGet - DRAM;2.220446049250313E-16
ImmutableArrayGet significantly different from ImmutableListGetRandom - Time;2.220446049250313E-16
ImmutableArrayGet significantly different from ImmutableListGetRandom - Package;2.220446049250313E-16
ImmutableArrayGet significantly different from ImmutableListGetRandom - DRAM;2.220446049250313E-16
ImmutableArrayGet significantly different from LinkedListGet - Time;2.220446049250313E-16
ImmutableArrayGet significantly different from LinkedListGet - Package;2.220446049250313E-16
ImmutableArrayGet significantly different from LinkedListGet - DRAM;2.220446049250313E-16
ImmutableArrayGet significantly different from LinkedListGetRandom - Time;2.220446049250313E-16
ImmutableArrayGet significantly different from LinkedListGetRandom - Package;2.220446049250313E-16
ImmutableArrayGet significantly different from LinkedListGetRandom - DRAM;2.220446049250313E-16
ImmutableArrayGet significantly different from ListGet - Time;2.220446049250313E-16
ImmutableArrayGet significantly different from ListGet - Package;2.220446049250313E-16
ImmutableArrayGet significantly different from ListGet - DRAM;2.220446049250313E-16
ImmutableArrayGet significantly different from ListGetRandom - Time;2.220446049250313E-16
ImmutableArrayGet significantly different from ListGetRandom - Package;2.220446049250313E-16
ImmutableArrayGet significantly different from ListGetRandom - DRAM;2.220446049250313E-16
ImmutableArrayGetRandom significantly different from ImmutableListGet - Time;2.220446049250313E-16
ImmutableArrayGetRandom significantly different from ImmutableListGet - Package;2.220446049250313E-16
ImmutableArrayGetRandom significantly different from ImmutableListGet - DRAM;2.220446049250313E-16
ImmutableArrayGetRandom significantly different from ImmutableListGetRandom - Time;2.220446049250313E-16
ImmutableArrayGetRandom significantly different from ImmutableListGetRandom - Package;2.220446049250313E-16
ImmutableArrayGetRandom significantly different from ImmutableListGetRandom - DRAM;2.220446049250313E-16
ImmutableArrayGetRandom significantly different from LinkedListGet - Time;2.220446049250313E-16
ImmutableArrayGetRandom significantly different from LinkedListGet - Package;2.220446049250313E-16
ImmutableArrayGetRandom significantly different from LinkedListGet - DRAM;2.220446049250313E-16
ImmutableArrayGetRandom significantly different from LinkedListGetRandom - Time;2.220446049250313E-16
ImmutableArrayGetRandom significantly different from LinkedListGetRandom - Package;2.220446049250313E-16
ImmutableArrayGetRandom significantly different from LinkedListGetRandom - DRAM;2.220446049250313E-16
ImmutableArrayGetRandom significantly different from ListGet - Time;2.220446049250313E-16
ImmutableArrayGetRandom significantly different from ListGet - Package;2.220446049250313E-16
ImmutableArrayGetRandom significantly different from ListGet - DRAM;2.220446049250313E-16
ImmutableArrayGetRandom significantly different from ListGetRandom - Time;2.220446049250313E-16
ImmutableArrayGetRandom significantly different from ListGetRandom - Package;2.220446049250313E-16
ImmutableArrayGetRandom significantly different from ListGetRandom - DRAM;2.220446049250313E-16
ImmutableListGet significantly different from ImmutableListGetRandom - Time;2.220446049250313E-16
ImmutableListGet significantly different from ImmutableListGetRandom - Package;2.220446049250313E-16
ImmutableListGet significantly different from ImmutableListGetRandom - DRAM;2.220446049250313E-16
ImmutableListGet significantly different from LinkedListGet - Time;2.220446049250313E-16
ImmutableListGet significantly different from LinkedListGet - Package;2.220446049250313E-16
ImmutableListGet significantly different from LinkedListGet - DRAM;2.220446049250313E-16
ImmutableListGet significantly different from LinkedListGetRandom - Time;2.220446049250313E-16
ImmutableListGet significantly different from LinkedListGetRandom - Package;2.220446049250313E-16
ImmutableListGet significantly different from LinkedListGetRandom - DRAM;2.220446049250313E-16
ImmutableListGet significantly different from ListGet - Time;2.220446049250313E-16
ImmutableListGet significantly different from ListGet - Package;2.220446049250313E-16
ImmutableListGet significantly different from ListGet - DRAM;2.220446049250313E-16
ImmutableListGet significantly different from ListGetRandom - Time;2.220446049250313E-16
ImmutableListGet significantly different from ListGetRandom - Package;2.220446049250313E-16
ImmutableListGet significantly different from ListGetRandom - DRAM;2.220446049250313E-16
ImmutableListGetRandom significantly different from LinkedListGet - Time;2.220446049250313E-16
ImmutableListGetRandom significantly different from LinkedListGet - Package;2.220446049250313E-16
ImmutableListGetRandom significantly different from LinkedListGet - DRAM;2.220446049250313E-16
ImmutableListGetRandom significantly different from LinkedListGetRandom - Time;2.220446049250313E-16
ImmutableListGetRandom significantly different from LinkedListGetRandom - Package;2.220446049250313E-16
ImmutableListGetRandom significantly different from LinkedListGetRandom - DRAM;2.220446049250313E-16
ImmutableListGetRandom significantly different from ListGet - Time;2.220446049250313E-16
ImmutableListGetRandom significantly different from ListGet - Package;2.220446049250313E-16
ImmutableListGetRandom significantly different from ListGet - DRAM;2.220446049250313E-16
ImmutableListGetRandom significantly different from ListGetRandom - Time;2.220446049250313E-16
ImmutableListGetRandom significantly different from ListGetRandom - Package;2.220446049250313E-16
ImmutableListGetRandom significantly different from ListGetRandom - DRAM;2.220446049250313E-16
LinkedListGet significantly different from LinkedListGetRandom - Time;1.1102230246251565E-15
LinkedListGet significantly different from LinkedListGetRandom - Package;3.253597408403586E-05
LinkedListGet significantly different from LinkedListGetRandom - DRAM;1.0058620603103918E-13
LinkedListGet significantly different from ListGet - Time;2.220446049250313E-16
LinkedListGet significantly different from ListGet - Package;2.220446049250313E-16
LinkedListGet significantly different from ListGet - DRAM;2.220446049250313E-16
LinkedListGet significantly different from ListGetRandom - Time;2.220446049250313E-16
LinkedListGet significantly different from ListGetRandom - Package;2.220446049250313E-16
LinkedListGet significantly different from ListGetRandom - DRAM;2.220446049250313E-16
LinkedListGetRandom significantly different from ListGet - Time;2.220446049250313E-16
LinkedListGetRandom significantly different from ListGet - Package;2.220446049250313E-16
LinkedListGetRandom significantly different from ListGet - DRAM;2.220446049250313E-16
LinkedListGetRandom significantly different from ListGetRandom - Time;2.220446049250313E-16
LinkedListGetRandom significantly different from ListGetRandom - Package;2.220446049250313E-16
LinkedListGetRandom significantly different from ListGetRandom - DRAM;2.220446049250313E-16
ListGet significantly different from ListGetRandom - Time;0.6442973013098108
ListGet significantly different from ListGetRandom - Package;0.003234465487594873
ListGet significantly different from ListGetRandom - DRAM;0.2858579841815392
