Key;Value
Property significantly different from PropertyWithBackingField - Time;0.951284949762979
Property significantly different from PropertyWithBackingField - Package;0.00861510190571746
Property significantly different from PropertyWithBackingField - DRAM;0.9109083965255533
Property significantly different from GetterSetter - Time;0.4012731917523178
Property significantly different from GetterSetter - Package;0.09063009310336456
Property significantly different from GetterSetter - DRAM;0.4636345425387751
Property significantly different from Field - Time;2.0260970878815954E-07
Property significantly different from Field - Package;0.008436419642665172
Property significantly different from Field - DRAM;1.625109067315833E-07
PropertyWithBackingField significantly different from GetterSetter - Time;0.34598064237747805
PropertyWithBackingField significantly different from GetterSetter - Package;0.0016374686643301217
PropertyWithBackingField significantly different from GetterSetter - DRAM;0.4264721896174608
PropertyWithBackingField significantly different from Field - Time;2.220446049250313E-16
PropertyWithBackingField significantly different from Field - Package;0.41226032780296995
PropertyWithBackingField significantly different from Field - DRAM;2.220446049250313E-16
GetterSetter significantly different from Field - Time;1.9032560983900382E-05
GetterSetter significantly different from Field - Package;0.00010592901264927512
GetterSetter significantly different from Field - DRAM;9.324157706380731E-06
