Key;Value
BInt significantly different from BUint - Time;2.220446049250313E-16
BInt significantly different from BUint - Package;2.220446049250313E-16
BInt significantly different from BUint - DRAM;2.220446049250313E-16
BInt significantly different from BNint - Time;2.220446049250313E-16
BInt significantly different from BNint - Package;2.220446049250313E-16
BInt significantly different from BNint - DRAM;2.220446049250313E-16
BInt significantly different from BNuint - Time;2.220446049250313E-16
BInt significantly different from BNuint - Package;2.220446049250313E-16
BInt significantly different from BNuint - DRAM;2.220446049250313E-16
BInt significantly different from BLong - Time;2.220446049250313E-16
BInt significantly different from BLong - Package;0.883598697899358
BInt significantly different from BLong - DRAM;0.0006689167055280443
BInt significantly different from BUlong - Time;2.220446049250313E-16
BInt significantly different from BUlong - Package;2.220446049250313E-16
BInt significantly different from BUlong - DRAM;2.220446049250313E-16
BInt significantly different from BShort - Time;2.220446049250313E-16
BInt significantly different from BShort - Package;2.220446049250313E-16
BInt significantly different from BShort - DRAM;2.220446049250313E-16
BInt significantly different from BUshort - Time;2.220446049250313E-16
BInt significantly different from BUshort - Package;2.220446049250313E-16
BInt significantly different from BUshort - DRAM;2.220446049250313E-16
BInt significantly different from BByte - Time;2.220446049250313E-16
BInt significantly different from BByte - Package;2.220446049250313E-16
BInt significantly different from BByte - DRAM;2.220446049250313E-16
BInt significantly different from BSbyte - Time;2.220446049250313E-16
BInt significantly different from BSbyte - Package;2.220446049250313E-16
BInt significantly different from BSbyte - DRAM;2.220446049250313E-16
BUint significantly different from BNint - Time;2.220446049250313E-16
BUint significantly different from BNint - Package;2.220446049250313E-16
BUint significantly different from BNint - DRAM;2.220446049250313E-16
BUint significantly different from BNuint - Time;2.220446049250313E-16
BUint significantly different from BNuint - Package;2.220446049250313E-16
BUint significantly different from BNuint - DRAM;2.220446049250313E-16
BUint significantly different from BLong - Time;2.220446049250313E-16
BUint significantly different from BLong - Package;2.220446049250313E-16
BUint significantly different from BLong - DRAM;2.220446049250313E-16
BUint significantly different from BUlong - Time;2.220446049250313E-16
BUint significantly different from BUlong - Package;2.220446049250313E-16
BUint significantly different from BUlong - DRAM;2.220446049250313E-16
BUint significantly different from BShort - Time;2.220446049250313E-16
BUint significantly different from BShort - Package;2.220446049250313E-16
BUint significantly different from BShort - DRAM;2.220446049250313E-16
BUint significantly different from BUshort - Time;2.220446049250313E-16
BUint significantly different from BUshort - Package;2.220446049250313E-16
BUint significantly different from BUshort - DRAM;2.220446049250313E-16
BUint significantly different from BByte - Time;2.220446049250313E-16
BUint significantly different from BByte - Package;2.220446049250313E-16
BUint significantly different from BByte - DRAM;2.220446049250313E-16
BUint significantly different from BSbyte - Time;2.220446049250313E-16
BUint significantly different from BSbyte - Package;2.220446049250313E-16
BUint significantly different from BSbyte - DRAM;2.220446049250313E-16
BNint significantly different from BNuint - Time;2.220446049250313E-16
BNint significantly different from BNuint - Package;4.916356211026596E-11
BNint significantly different from BNuint - DRAM;2.220446049250313E-16
BNint significantly different from BLong - Time;2.220446049250313E-16
BNint significantly different from BLong - Package;2.220446049250313E-16
BNint significantly different from BLong - DRAM;2.220446049250313E-16
BNint significantly different from BUlong - Time;2.220446049250313E-16
BNint significantly different from BUlong - Package;2.220446049250313E-16
BNint significantly different from BUlong - DRAM;2.220446049250313E-16
BNint significantly different from BShort - Time;2.220446049250313E-16
BNint significantly different from BShort - Package;2.220446049250313E-16
BNint significantly different from BShort - DRAM;2.220446049250313E-16
BNint significantly different from BUshort - Time;2.220446049250313E-16
BNint significantly different from BUshort - Package;2.220446049250313E-16
BNint significantly different from BUshort - DRAM;2.220446049250313E-16
BNint significantly different from BByte - Time;2.220446049250313E-16
BNint significantly different from BByte - Package;2.220446049250313E-16
BNint significantly different from BByte - DRAM;2.220446049250313E-16
BNint significantly different from BSbyte - Time;2.220446049250313E-16
BNint significantly different from BSbyte - Package;2.220446049250313E-16
BNint significantly different from BSbyte - DRAM;2.220446049250313E-16
BNuint significantly different from BLong - Time;2.220446049250313E-16
BNuint significantly different from BLong - Package;2.220446049250313E-16
BNuint significantly different from BLong - DRAM;2.220446049250313E-16
BNuint significantly different from BUlong - Time;2.220446049250313E-16
BNuint significantly different from BUlong - Package;2.220446049250313E-16
BNuint significantly different from BUlong - DRAM;2.220446049250313E-16
BNuint significantly different from BShort - Time;2.220446049250313E-16
BNuint significantly different from BShort - Package;2.220446049250313E-16
BNuint significantly different from BShort - DRAM;2.220446049250313E-16
BNuint significantly different from BUshort - Time;2.220446049250313E-16
BNuint significantly different from BUshort - Package;2.220446049250313E-16
BNuint significantly different from BUshort - DRAM;2.220446049250313E-16
BNuint significantly different from BByte - Time;2.220446049250313E-16
BNuint significantly different from BByte - Package;2.220446049250313E-16
BNuint significantly different from BByte - DRAM;2.220446049250313E-16
BNuint significantly different from BSbyte - Time;2.220446049250313E-16
BNuint significantly different from BSbyte - Package;2.220446049250313E-16
BNuint significantly different from BSbyte - DRAM;2.220446049250313E-16
BLong significantly different from BUlong - Time;2.220446049250313E-16
BLong significantly different from BUlong - Package;2.220446049250313E-16
BLong significantly different from BUlong - DRAM;2.220446049250313E-16
BLong significantly different from BShort - Time;2.220446049250313E-16
BLong significantly different from BShort - Package;2.220446049250313E-16
BLong significantly different from BShort - DRAM;2.220446049250313E-16
BLong significantly different from BUshort - Time;2.220446049250313E-16
BLong significantly different from BUshort - Package;2.220446049250313E-16
BLong significantly different from BUshort - DRAM;2.220446049250313E-16
BLong significantly different from BByte - Time;2.220446049250313E-16
BLong significantly different from BByte - Package;2.220446049250313E-16
BLong significantly different from BByte - DRAM;2.220446049250313E-16
BLong significantly different from BSbyte - Time;2.220446049250313E-16
BLong significantly different from BSbyte - Package;2.220446049250313E-16
BLong significantly different from BSbyte - DRAM;2.220446049250313E-16
BUlong significantly different from BShort - Time;2.220446049250313E-16
BUlong significantly different from BShort - Package;2.220446049250313E-16
BUlong significantly different from BShort - DRAM;2.220446049250313E-16
BUlong significantly different from BUshort - Time;2.220446049250313E-16
BUlong significantly different from BUshort - Package;2.220446049250313E-16
BUlong significantly different from BUshort - DRAM;2.220446049250313E-16
BUlong significantly different from BByte - Time;2.220446049250313E-16
BUlong significantly different from BByte - Package;2.220446049250313E-16
BUlong significantly different from BByte - DRAM;2.220446049250313E-16
BUlong significantly different from BSbyte - Time;2.220446049250313E-16
BUlong significantly different from BSbyte - Package;2.220446049250313E-16
BUlong significantly different from BSbyte - DRAM;2.220446049250313E-16
BShort significantly different from BUshort - Time;2.220446049250313E-16
BShort significantly different from BUshort - Package;0.2513878971072234
BShort significantly different from BUshort - DRAM;3.679506980214242E-06
BShort significantly different from BByte - Time;2.220446049250313E-16
BShort significantly different from BByte - Package;8.422066377633541E-09
BShort significantly different from BByte - DRAM;2.220446049250313E-16
BShort significantly different from BSbyte - Time;0.00810963630381889
BShort significantly different from BSbyte - Package;0.3089982100215072
BShort significantly different from BSbyte - DRAM;0.6950865952761407
BUshort significantly different from BByte - Time;2.220446049250313E-16
BUshort significantly different from BByte - Package;1.0959388951903293E-10
BUshort significantly different from BByte - DRAM;2.220446049250313E-16
BUshort significantly different from BSbyte - Time;2.220446049250313E-16
BUshort significantly different from BSbyte - Package;0.9871399187593171
BUshort significantly different from BSbyte - DRAM;4.618527782440651E-14
BByte significantly different from BSbyte - Time;2.220446049250313E-16
BByte significantly different from BSbyte - Package;1.1067435856659813E-10
BByte significantly different from BSbyte - DRAM;2.220446049250313E-16
