Key;Value
ConcurrentDictionaryRemoval significantly different from DictionaryRemoval - Time;2.220446049250313E-16
ConcurrentDictionaryRemoval significantly different from DictionaryRemoval - Package;2.220446049250313E-16
ConcurrentDictionaryRemoval significantly different from DictionaryRemoval - DRAM;2.220446049250313E-16
ConcurrentDictionaryRemoval significantly different from HashtableRemoval - Time;2.220446049250313E-16
ConcurrentDictionaryRemoval significantly different from HashtableRemoval - Package;2.220446049250313E-16
ConcurrentDictionaryRemoval significantly different from HashtableRemoval - DRAM;2.220446049250313E-16
ConcurrentDictionaryRemoval significantly different from ImmutableDictionaryRemoval - Time;2.220446049250313E-16
ConcurrentDictionaryRemoval significantly different from ImmutableDictionaryRemoval - Package;2.220446049250313E-16
ConcurrentDictionaryRemoval significantly different from ImmutableDictionaryRemoval - DRAM;2.220446049250313E-16
ConcurrentDictionaryRemoval significantly different from ImmutableSortedDictionaryRemoval - Time;2.220446049250313E-16
ConcurrentDictionaryRemoval significantly different from ImmutableSortedDictionaryRemoval - Package;2.220446049250313E-16
ConcurrentDictionaryRemoval significantly different from ImmutableSortedDictionaryRemoval - DRAM;2.220446049250313E-16
ConcurrentDictionaryRemoval significantly different from SortedDictionaryRemoval - Time;2.220446049250313E-16
ConcurrentDictionaryRemoval significantly different from SortedDictionaryRemoval - Package;2.220446049250313E-16
ConcurrentDictionaryRemoval significantly different from SortedDictionaryRemoval - DRAM;2.220446049250313E-16
ConcurrentDictionaryRemoval significantly different from SortedListRemoval - Time;2.220446049250313E-16
ConcurrentDictionaryRemoval significantly different from SortedListRemoval - Package;2.220446049250313E-16
ConcurrentDictionaryRemoval significantly different from SortedListRemoval - DRAM;2.220446049250313E-16
DictionaryRemoval significantly different from HashtableRemoval - Time;2.220446049250313E-16
DictionaryRemoval significantly different from HashtableRemoval - Package;2.220446049250313E-16
DictionaryRemoval significantly different from HashtableRemoval - DRAM;2.220446049250313E-16
DictionaryRemoval significantly different from ImmutableDictionaryRemoval - Time;2.220446049250313E-16
DictionaryRemoval significantly different from ImmutableDictionaryRemoval - Package;2.220446049250313E-16
DictionaryRemoval significantly different from ImmutableDictionaryRemoval - DRAM;2.220446049250313E-16
DictionaryRemoval significantly different from ImmutableSortedDictionaryRemoval - Time;2.220446049250313E-16
DictionaryRemoval significantly different from ImmutableSortedDictionaryRemoval - Package;2.220446049250313E-16
DictionaryRemoval significantly different from ImmutableSortedDictionaryRemoval - DRAM;2.220446049250313E-16
DictionaryRemoval significantly different from SortedDictionaryRemoval - Time;2.220446049250313E-16
DictionaryRemoval significantly different from SortedDictionaryRemoval - Package;2.220446049250313E-16
DictionaryRemoval significantly different from SortedDictionaryRemoval - DRAM;2.220446049250313E-16
DictionaryRemoval significantly different from SortedListRemoval - Time;2.220446049250313E-16
DictionaryRemoval significantly different from SortedListRemoval - Package;2.220446049250313E-16
DictionaryRemoval significantly different from SortedListRemoval - DRAM;2.220446049250313E-16
HashtableRemoval significantly different from ImmutableDictionaryRemoval - Time;2.220446049250313E-16
HashtableRemoval significantly different from ImmutableDictionaryRemoval - Package;2.220446049250313E-16
HashtableRemoval significantly different from ImmutableDictionaryRemoval - DRAM;2.220446049250313E-16
HashtableRemoval significantly different from ImmutableSortedDictionaryRemoval - Time;2.220446049250313E-16
HashtableRemoval significantly different from ImmutableSortedDictionaryRemoval - Package;2.220446049250313E-16
HashtableRemoval significantly different from ImmutableSortedDictionaryRemoval - DRAM;2.220446049250313E-16
HashtableRemoval significantly different from SortedDictionaryRemoval - Time;2.220446049250313E-16
HashtableRemoval significantly different from SortedDictionaryRemoval - Package;2.220446049250313E-16
HashtableRemoval significantly different from SortedDictionaryRemoval - DRAM;2.220446049250313E-16
HashtableRemoval significantly different from SortedListRemoval - Time;2.220446049250313E-16
HashtableRemoval significantly different from SortedListRemoval - Package;2.220446049250313E-16
HashtableRemoval significantly different from SortedListRemoval - DRAM;2.220446049250313E-16
ImmutableDictionaryRemoval significantly different from ImmutableSortedDictionaryRemoval - Time;2.220446049250313E-16
ImmutableDictionaryRemoval significantly different from ImmutableSortedDictionaryRemoval - Package;2.220446049250313E-16
ImmutableDictionaryRemoval significantly different from ImmutableSortedDictionaryRemoval - DRAM;2.220446049250313E-16
ImmutableDictionaryRemoval significantly different from SortedDictionaryRemoval - Time;2.220446049250313E-16
ImmutableDictionaryRemoval significantly different from SortedDictionaryRemoval - Package;2.220446049250313E-16
ImmutableDictionaryRemoval significantly different from SortedDictionaryRemoval - DRAM;2.220446049250313E-16
ImmutableDictionaryRemoval significantly different from SortedListRemoval - Time;2.220446049250313E-16
ImmutableDictionaryRemoval significantly different from SortedListRemoval - Package;2.220446049250313E-16
ImmutableDictionaryRemoval significantly different from SortedListRemoval - DRAM;2.220446049250313E-16
ImmutableSortedDictionaryRemoval significantly different from SortedDictionaryRemoval - Time;2.220446049250313E-16
ImmutableSortedDictionaryRemoval significantly different from SortedDictionaryRemoval - Package;2.220446049250313E-16
ImmutableSortedDictionaryRemoval significantly different from SortedDictionaryRemoval - DRAM;2.220446049250313E-16
ImmutableSortedDictionaryRemoval significantly different from SortedListRemoval - Time;2.220446049250313E-16
ImmutableSortedDictionaryRemoval significantly different from SortedListRemoval - Package;2.220446049250313E-16
ImmutableSortedDictionaryRemoval significantly different from SortedListRemoval - DRAM;2.220446049250313E-16
SortedDictionaryRemoval significantly different from SortedListRemoval - Time;2.220446049250313E-16
SortedDictionaryRemoval significantly different from SortedListRemoval - Package;2.220446049250313E-16
SortedDictionaryRemoval significantly different from SortedListRemoval - DRAM;2.220446049250313E-16
