Key;Value
TryCatchNoE significantly different from TryCatchAllE - Time;2.220446049250313E-16
TryCatchNoE significantly different from TryCatchAllE - Package;2.220446049250313E-16
TryCatchNoE significantly different from TryCatchAllE - DRAM;2.220446049250313E-16
TryCatchNoE significantly different from TryCatchSpecificE - Time;2.220446049250313E-16
TryCatchNoE significantly different from TryCatchSpecificE - Package;2.220446049250313E-16
TryCatchNoE significantly different from TryCatchSpecificE - DRAM;2.220446049250313E-16
TryCatchNoE significantly different from TryCatchEWMessage - Time;2.220446049250313E-16
TryCatchNoE significantly different from TryCatchEWMessage - Package;2.220446049250313E-16
TryCatchNoE significantly different from TryCatchEWMessage - DRAM;2.220446049250313E-16
TryCatchNoE significantly different from TryCatchEWOMessage - Time;2.220446049250313E-16
TryCatchNoE significantly different from TryCatchEWOMessage - Package;2.220446049250313E-16
TryCatchNoE significantly different from TryCatchEWOMessage - DRAM;2.220446049250313E-16
TryCatchNoE significantly different from TryCatchEWithIf - Time;2.220446049250313E-16
TryCatchNoE significantly different from TryCatchEWithIf - Package;2.9229155318333255E-08
TryCatchNoE significantly different from TryCatchEWithIf - DRAM;2.220446049250313E-16
TryCatchAllE significantly different from TryCatchSpecificE - Time;2.57754824712908E-05
TryCatchAllE significantly different from TryCatchSpecificE - Package;0.11387284171623246
TryCatchAllE significantly different from TryCatchSpecificE - DRAM;1.9933171601760336E-05
TryCatchAllE significantly different from TryCatchEWMessage - Time;2.220446049250313E-16
TryCatchAllE significantly different from TryCatchEWMessage - Package;2.220446049250313E-16
TryCatchAllE significantly different from TryCatchEWMessage - DRAM;2.220446049250313E-16
TryCatchAllE significantly different from TryCatchEWOMessage - Time;2.220446049250313E-16
TryCatchAllE significantly different from TryCatchEWOMessage - Package;2.220446049250313E-16
TryCatchAllE significantly different from TryCatchEWOMessage - DRAM;2.220446049250313E-16
TryCatchAllE significantly different from TryCatchEWithIf - Time;2.220446049250313E-16
TryCatchAllE significantly different from TryCatchEWithIf - Package;2.220446049250313E-16
TryCatchAllE significantly different from TryCatchEWithIf - DRAM;2.220446049250313E-16
TryCatchSpecificE significantly different from TryCatchEWMessage - Time;2.220446049250313E-16
TryCatchSpecificE significantly different from TryCatchEWMessage - Package;2.220446049250313E-16
TryCatchSpecificE significantly different from TryCatchEWMessage - DRAM;2.220446049250313E-16
TryCatchSpecificE significantly different from TryCatchEWOMessage - Time;2.220446049250313E-16
TryCatchSpecificE significantly different from TryCatchEWOMessage - Package;2.220446049250313E-16
TryCatchSpecificE significantly different from TryCatchEWOMessage - DRAM;2.220446049250313E-16
TryCatchSpecificE significantly different from TryCatchEWithIf - Time;2.220446049250313E-16
TryCatchSpecificE significantly different from TryCatchEWithIf - Package;2.220446049250313E-16
TryCatchSpecificE significantly different from TryCatchEWithIf - DRAM;2.220446049250313E-16
TryCatchEWMessage significantly different from TryCatchEWOMessage - Time;2.220446049250313E-16
TryCatchEWMessage significantly different from TryCatchEWOMessage - Package;2.0887735985297695E-12
TryCatchEWMessage significantly different from TryCatchEWOMessage - DRAM;2.220446049250313E-16
TryCatchEWMessage significantly different from TryCatchEWithIf - Time;2.220446049250313E-16
TryCatchEWMessage significantly different from TryCatchEWithIf - Package;2.220446049250313E-16
TryCatchEWMessage significantly different from TryCatchEWithIf - DRAM;2.220446049250313E-16
TryCatchEWOMessage significantly different from TryCatchEWithIf - Time;2.220446049250313E-16
TryCatchEWOMessage significantly different from TryCatchEWithIf - Package;2.220446049250313E-16
TryCatchEWOMessage significantly different from TryCatchEWithIf - DRAM;2.220446049250313E-16
