Key;Value
ClassCreate significantly different from StructCreate - Time;2.220446049250313E-16
ClassCreate significantly different from StructCreate - Package;2.220446049250313E-16
ClassCreate significantly different from StructCreate - DRAM;2.220446049250313E-16
ClassCreate significantly different from RecordCreate - Time;0.44095149444708204
ClassCreate significantly different from RecordCreate - Package;0.00010055251026397372
ClassCreate significantly different from RecordCreate - DRAM;0.06231379258350267
ClassCreate significantly different from RecordStructCreate - Time;2.220446049250313E-16
ClassCreate significantly different from RecordStructCreate - Package;2.220446049250313E-16
ClassCreate significantly different from RecordStructCreate - DRAM;2.220446049250313E-16
StructCreate significantly different from RecordCreate - Time;2.220446049250313E-16
StructCreate significantly different from RecordCreate - Package;2.220446049250313E-16
StructCreate significantly different from RecordCreate - DRAM;2.220446049250313E-16
StructCreate significantly different from RecordStructCreate - Time;0.5194155787119898
StructCreate significantly different from RecordStructCreate - Package;2.2511627895127617E-07
StructCreate significantly different from RecordStructCreate - DRAM;0.6238728823755824
RecordCreate significantly different from RecordStructCreate - Time;2.220446049250313E-16
RecordCreate significantly different from RecordStructCreate - Package;2.220446049250313E-16
RecordCreate significantly different from RecordStructCreate - DRAM;2.220446049250313E-16
