Key;Value
Equal significantly different from NotEqual - Time;0.2461477591858625
Equal significantly different from NotEqual - Package;0.046942689318535624
Equal significantly different from NotEqual - DRAM;0.4476175755479128
Equal significantly different from GreaterThan - Time;2.220446049250313E-16
Equal significantly different from GreaterThan - Package;4.440892098500626E-16
Equal significantly different from GreaterThan - DRAM;2.220446049250313E-16
Equal significantly different from LessThan - Time;2.220446049250313E-16
Equal significantly different from LessThan - Package;5.10702591327572E-15
Equal significantly different from LessThan - DRAM;2.220446049250313E-16
Equal significantly different from GreaterOrEqualThan - Time;2.220446049250313E-16
Equal significantly different from GreaterOrEqualThan - Package;2.220446049250313E-16
Equal significantly different from GreaterOrEqualThan - DRAM;2.220446049250313E-16
Equal significantly different from LessOrEqualThan - Time;2.220446049250313E-16
Equal significantly different from LessOrEqualThan - Package;1.199040866595169E-14
Equal significantly different from LessOrEqualThan - DRAM;2.220446049250313E-16
Equal significantly different from Or - Time;2.220446049250313E-16
Equal significantly different from Or - Package;2.220446049250313E-16
Equal significantly different from Or - DRAM;2.220446049250313E-16
Equal significantly different from OrPattern - Time;2.220446049250313E-16
Equal significantly different from OrPattern - Package;2.220446049250313E-16
Equal significantly different from OrPattern - DRAM;2.220446049250313E-16
Equal significantly different from And - Time;2.220446049250313E-16
Equal significantly different from And - Package;2.220446049250313E-16
Equal significantly different from And - DRAM;2.220446049250313E-16
Equal significantly different from AndPattern - Time;2.220446049250313E-16
Equal significantly different from AndPattern - Package;2.220446049250313E-16
Equal significantly different from AndPattern - DRAM;2.220446049250313E-16
Equal significantly different from Negate - Time;0.3205799763951598
Equal significantly different from Negate - Package;0.11393188823918665
Equal significantly different from Negate - DRAM;0.7694596053013392
NotEqual significantly different from GreaterThan - Time;2.220446049250313E-16
NotEqual significantly different from GreaterThan - Package;2.220446049250313E-16
NotEqual significantly different from GreaterThan - DRAM;2.220446049250313E-16
NotEqual significantly different from LessThan - Time;2.220446049250313E-16
NotEqual significantly different from LessThan - Package;2.220446049250313E-16
NotEqual significantly different from LessThan - DRAM;2.220446049250313E-16
NotEqual significantly different from GreaterOrEqualThan - Time;2.220446049250313E-16
NotEqual significantly different from GreaterOrEqualThan - Package;2.220446049250313E-16
NotEqual significantly different from GreaterOrEqualThan - DRAM;2.220446049250313E-16
NotEqual significantly different from LessOrEqualThan - Time;2.220446049250313E-16
NotEqual significantly different from LessOrEqualThan - Package;2.220446049250313E-16
NotEqual significantly different from LessOrEqualThan - DRAM;2.220446049250313E-16
NotEqual significantly different from Or - Time;2.220446049250313E-16
NotEqual significantly different from Or - Package;2.220446049250313E-16
NotEqual significantly different from Or - DRAM;2.220446049250313E-16
NotEqual significantly different from OrPattern - Time;2.220446049250313E-16
NotEqual significantly different from OrPattern - Package;2.220446049250313E-16
NotEqual significantly different from OrPattern - DRAM;2.220446049250313E-16
NotEqual significantly different from And - Time;2.220446049250313E-16
NotEqual significantly different from And - Package;2.220446049250313E-16
NotEqual significantly different from And - DRAM;2.220446049250313E-16
NotEqual significantly different from AndPattern - Time;2.220446049250313E-16
NotEqual significantly different from AndPattern - Package;2.220446049250313E-16
NotEqual significantly different from AndPattern - DRAM;2.220446049250313E-16
NotEqual significantly different from Negate - Time;0.17540488145815392
NotEqual significantly different from Negate - Package;0.0033778305954434984
NotEqual significantly different from Negate - DRAM;0.5199666995684771
GreaterThan significantly different from LessThan - Time;2.220446049250313E-16
GreaterThan significantly different from LessThan - Package;1.0429332759631649E-06
GreaterThan significantly different from LessThan - DRAM;9.769962616701378E-15
GreaterThan significantly different from GreaterOrEqualThan - Time;0.000940989413949822
GreaterThan significantly different from GreaterOrEqualThan - Package;0.4454413214112829
GreaterThan significantly different from GreaterOrEqualThan - DRAM;0.5190041181445604
GreaterThan significantly different from LessOrEqualThan - Time;0.5880018453395301
GreaterThan significantly different from LessOrEqualThan - Package;3.278933877748358E-07
GreaterThan significantly different from LessOrEqualThan - DRAM;0.21864352619810168
GreaterThan significantly different from Or - Time;2.220446049250313E-16
GreaterThan significantly different from Or - Package;2.220446049250313E-16
GreaterThan significantly different from Or - DRAM;2.220446049250313E-16
GreaterThan significantly different from OrPattern - Time;2.220446049250313E-16
GreaterThan significantly different from OrPattern - Package;2.220446049250313E-16
GreaterThan significantly different from OrPattern - DRAM;2.220446049250313E-16
GreaterThan significantly different from And - Time;2.220446049250313E-16
GreaterThan significantly different from And - Package;2.220446049250313E-16
GreaterThan significantly different from And - DRAM;2.220446049250313E-16
GreaterThan significantly different from AndPattern - Time;2.220446049250313E-16
GreaterThan significantly different from AndPattern - Package;2.220446049250313E-16
GreaterThan significantly different from AndPattern - DRAM;2.220446049250313E-16
GreaterThan significantly different from Negate - Time;2.220446049250313E-16
GreaterThan significantly different from Negate - Package;2.220446049250313E-16
GreaterThan significantly different from Negate - DRAM;2.220446049250313E-16
LessThan significantly different from GreaterOrEqualThan - Time;2.220446049250313E-16
LessThan significantly different from GreaterOrEqualThan - Package;8.840249998698368E-08
LessThan significantly different from GreaterOrEqualThan - DRAM;2.531308496145357E-14
LessThan significantly different from LessOrEqualThan - Time;2.220446049250313E-16
LessThan significantly different from LessOrEqualThan - Package;0.6247332575852773
LessThan significantly different from LessOrEqualThan - DRAM;1.93557752270479E-07
LessThan significantly different from Or - Time;2.220446049250313E-16
LessThan significantly different from Or - Package;2.220446049250313E-16
LessThan significantly different from Or - DRAM;2.220446049250313E-16
LessThan significantly different from OrPattern - Time;2.220446049250313E-16
LessThan significantly different from OrPattern - Package;2.220446049250313E-16
LessThan significantly different from OrPattern - DRAM;2.220446049250313E-16
LessThan significantly different from And - Time;2.220446049250313E-16
LessThan significantly different from And - Package;2.220446049250313E-16
LessThan significantly different from And - DRAM;2.220446049250313E-16
LessThan significantly different from AndPattern - Time;2.220446049250313E-16
LessThan significantly different from AndPattern - Package;2.220446049250313E-16
LessThan significantly different from AndPattern - DRAM;2.220446049250313E-16
LessThan significantly different from Negate - Time;2.220446049250313E-16
LessThan significantly different from Negate - Package;2.220446049250313E-16
LessThan significantly different from Negate - DRAM;2.220446049250313E-16
GreaterOrEqualThan significantly different from LessOrEqualThan - Time;0.8860138719375126
GreaterOrEqualThan significantly different from LessOrEqualThan - Package;1.602831933844584E-08
GreaterOrEqualThan significantly different from LessOrEqualThan - DRAM;0.319280021785038
GreaterOrEqualThan significantly different from Or - Time;2.220446049250313E-16
GreaterOrEqualThan significantly different from Or - Package;2.220446049250313E-16
GreaterOrEqualThan significantly different from Or - DRAM;2.220446049250313E-16
GreaterOrEqualThan significantly different from OrPattern - Time;2.220446049250313E-16
GreaterOrEqualThan significantly different from OrPattern - Package;2.220446049250313E-16
GreaterOrEqualThan significantly different from OrPattern - DRAM;2.220446049250313E-16
GreaterOrEqualThan significantly different from And - Time;2.220446049250313E-16
GreaterOrEqualThan significantly different from And - Package;2.220446049250313E-16
GreaterOrEqualThan significantly different from And - DRAM;2.220446049250313E-16
GreaterOrEqualThan significantly different from AndPattern - Time;2.220446049250313E-16
GreaterOrEqualThan significantly different from AndPattern - Package;2.220446049250313E-16
GreaterOrEqualThan significantly different from AndPattern - DRAM;2.220446049250313E-16
GreaterOrEqualThan significantly different from Negate - Time;2.220446049250313E-16
GreaterOrEqualThan significantly different from Negate - Package;2.220446049250313E-16
GreaterOrEqualThan significantly different from Negate - DRAM;2.220446049250313E-16
LessOrEqualThan significantly different from Or - Time;2.220446049250313E-16
LessOrEqualThan significantly different from Or - Package;2.220446049250313E-16
LessOrEqualThan significantly different from Or - DRAM;2.220446049250313E-16
LessOrEqualThan significantly different from OrPattern - Time;2.220446049250313E-16
LessOrEqualThan significantly different from OrPattern - Package;2.220446049250313E-16
LessOrEqualThan significantly different from OrPattern - DRAM;2.220446049250313E-16
LessOrEqualThan significantly different from And - Time;2.220446049250313E-16
LessOrEqualThan significantly different from And - Package;2.220446049250313E-16
LessOrEqualThan significantly different from And - DRAM;2.220446049250313E-16
LessOrEqualThan significantly different from AndPattern - Time;2.220446049250313E-16
LessOrEqualThan significantly different from AndPattern - Package;2.220446049250313E-16
LessOrEqualThan significantly different from AndPattern - DRAM;2.220446049250313E-16
LessOrEqualThan significantly different from Negate - Time;2.220446049250313E-16
LessOrEqualThan significantly different from Negate - Package;2.220446049250313E-16
LessOrEqualThan significantly different from Negate - DRAM;2.220446049250313E-16
Or significantly different from OrPattern - Time;2.220446049250313E-16
Or significantly different from OrPattern - Package;2.220446049250313E-16
Or significantly different from OrPattern - DRAM;2.220446049250313E-16
Or significantly different from And - Time;2.220446049250313E-16
Or significantly different from And - Package;3.010840108341739E-07
Or significantly different from And - DRAM;2.220446049250313E-16
Or significantly different from AndPattern - Time;2.220446049250313E-16
Or significantly different from AndPattern - Package;6.024070131616099E-13
Or significantly different from AndPattern - DRAM;2.220446049250313E-16
Or significantly different from Negate - Time;2.220446049250313E-16
Or significantly different from Negate - Package;2.220446049250313E-16
Or significantly different from Negate - DRAM;2.220446049250313E-16
OrPattern significantly different from And - Time;2.220446049250313E-16
OrPattern significantly different from And - Package;2.220446049250313E-16
OrPattern significantly different from And - DRAM;2.220446049250313E-16
OrPattern significantly different from AndPattern - Time;2.220446049250313E-16
OrPattern significantly different from AndPattern - Package;2.220446049250313E-16
OrPattern significantly different from AndPattern - DRAM;2.220446049250313E-16
OrPattern significantly different from Negate - Time;2.220446049250313E-16
OrPattern significantly different from Negate - Package;2.220446049250313E-16
OrPattern significantly different from Negate - DRAM;2.220446049250313E-16
And significantly different from AndPattern - Time;0.007906557880498433
And significantly different from AndPattern - Package;6.105646885412597E-06
And significantly different from AndPattern - DRAM;0.7865966028606151
And significantly different from Negate - Time;2.220446049250313E-16
And significantly different from Negate - Package;2.220446049250313E-16
And significantly different from Negate - DRAM;2.220446049250313E-16
AndPattern significantly different from Negate - Time;2.220446049250313E-16
AndPattern significantly different from Negate - Package;2.220446049250313E-16
AndPattern significantly different from Negate - DRAM;2.220446049250313E-16
