Key;Value
LocalVariable significantly different from StaticProperty - Time;2.220446049250313E-16
LocalVariable significantly different from StaticProperty - Package;2.220446049250313E-16
LocalVariable significantly different from StaticProperty - DRAM;2.220446049250313E-16
LocalVariable significantly different from InstanceProperty - Time;2.220446049250313E-16
LocalVariable significantly different from InstanceProperty - Package;2.220446049250313E-16
LocalVariable significantly different from InstanceProperty - DRAM;2.220446049250313E-16
LocalVariable significantly different from StaticVariable - Time;2.220446049250313E-16
LocalVariable significantly different from StaticVariable - Package;2.220446049250313E-16
LocalVariable significantly different from StaticVariable - DRAM;2.220446049250313E-16
LocalVariable significantly different from InstanceVariable - Time;2.220446049250313E-16
LocalVariable significantly different from InstanceVariable - Package;2.220446049250313E-16
LocalVariable significantly different from InstanceVariable - DRAM;2.220446049250313E-16
LocalVariable significantly different from Parameter - Time;2.220446049250313E-16
LocalVariable significantly different from Parameter - Package;2.220446049250313E-16
LocalVariable significantly different from Parameter - DRAM;2.220446049250313E-16
LocalVariable significantly different from ParameterStatic - Time;2.220446049250313E-16
LocalVariable significantly different from ParameterStatic - Package;2.220446049250313E-16
LocalVariable significantly different from ParameterStatic - DRAM;2.220446049250313E-16
StaticProperty significantly different from InstanceProperty - Time;2.220446049250313E-16
StaticProperty significantly different from InstanceProperty - Package;9.273145498145396E-07
StaticProperty significantly different from InstanceProperty - DRAM;2.220446049250313E-16
StaticProperty significantly different from StaticVariable - Time;2.220446049250313E-16
StaticProperty significantly different from StaticVariable - Package;8.032063902874143E-11
StaticProperty significantly different from StaticVariable - DRAM;2.220446049250313E-16
StaticProperty significantly different from InstanceVariable - Time;2.220446049250313E-16
StaticProperty significantly different from InstanceVariable - Package;0.09910392370187981
StaticProperty significantly different from InstanceVariable - DRAM;2.220446049250313E-16
StaticProperty significantly different from Parameter - Time;2.220446049250313E-16
StaticProperty significantly different from Parameter - Package;2.220446049250313E-16
StaticProperty significantly different from Parameter - DRAM;2.220446049250313E-16
StaticProperty significantly different from ParameterStatic - Time;2.220446049250313E-16
StaticProperty significantly different from ParameterStatic - Package;2.220446049250313E-16
StaticProperty significantly different from ParameterStatic - DRAM;2.220446049250313E-16
InstanceProperty significantly different from StaticVariable - Time;2.220446049250313E-16
InstanceProperty significantly different from StaticVariable - Package;2.220446049250313E-16
InstanceProperty significantly different from StaticVariable - DRAM;2.220446049250313E-16
InstanceProperty significantly different from InstanceVariable - Time;0.5682248563651373
InstanceProperty significantly different from InstanceVariable - Package;0.005534713021539517
InstanceProperty significantly different from InstanceVariable - DRAM;0.46598723587609014
InstanceProperty significantly different from Parameter - Time;2.220446049250313E-16
InstanceProperty significantly different from Parameter - Package;2.220446049250313E-16
InstanceProperty significantly different from Parameter - DRAM;2.220446049250313E-16
InstanceProperty significantly different from ParameterStatic - Time;2.220446049250313E-16
InstanceProperty significantly different from ParameterStatic - Package;2.220446049250313E-16
InstanceProperty significantly different from ParameterStatic - DRAM;2.220446049250313E-16
StaticVariable significantly different from InstanceVariable - Time;2.220446049250313E-16
StaticVariable significantly different from InstanceVariable - Package;1.5434320488338926E-12
StaticVariable significantly different from InstanceVariable - DRAM;2.220446049250313E-16
StaticVariable significantly different from Parameter - Time;2.220446049250313E-16
StaticVariable significantly different from Parameter - Package;2.220446049250313E-16
StaticVariable significantly different from Parameter - DRAM;2.220446049250313E-16
StaticVariable significantly different from ParameterStatic - Time;2.220446049250313E-16
StaticVariable significantly different from ParameterStatic - Package;2.220446049250313E-16
StaticVariable significantly different from ParameterStatic - DRAM;2.220446049250313E-16
InstanceVariable significantly different from Parameter - Time;2.220446049250313E-16
InstanceVariable significantly different from Parameter - Package;2.220446049250313E-16
InstanceVariable significantly different from Parameter - DRAM;2.220446049250313E-16
InstanceVariable significantly different from ParameterStatic - Time;2.220446049250313E-16
InstanceVariable significantly different from ParameterStatic - Package;2.220446049250313E-16
InstanceVariable significantly different from ParameterStatic - DRAM;2.220446049250313E-16
Parameter significantly different from ParameterStatic - Time;0.06273538281161373
Parameter significantly different from ParameterStatic - Package;2.220446049250313E-16
Parameter significantly different from ParameterStatic - DRAM;0.11787857306782712
