Key;Value
BFloat significantly different from BDouble - Time;2.220446049250313E-16
BFloat significantly different from BDouble - Package;2.220446049250313E-16
BFloat significantly different from BDouble - DRAM;2.220446049250313E-16
BFloat significantly different from BDecimal - Time;2.220446049250313E-16
BFloat significantly different from BDecimal - Package;2.220446049250313E-16
BFloat significantly different from BDecimal - DRAM;2.220446049250313E-16
BDouble significantly different from BDecimal - Time;2.220446049250313E-16
BDouble significantly different from BDecimal - Package;2.220446049250313E-16
BDouble significantly different from BDecimal - DRAM;2.220446049250313E-16
