Key;Value
LocalFunction significantly different from LocalStaticFunction - Time;0.1792257354931024
LocalFunction significantly different from LocalStaticFunction - Package;0.053127251756651006
LocalFunction significantly different from LocalStaticFunction - DRAM;0.8706716753626185
LocalFunction significantly different from LocalFunctionInvocation - Time;2.220446049250313E-16
LocalFunction significantly different from LocalFunctionInvocation - Package;2.220446049250313E-16
LocalFunction significantly different from LocalFunctionInvocation - DRAM;2.220446049250313E-16
LocalFunction significantly different from LocalStaticFunctionInvocation - Time;2.220446049250313E-16
LocalFunction significantly different from LocalStaticFunctionInvocation - Package;2.220446049250313E-16
LocalFunction significantly different from LocalStaticFunctionInvocation - DRAM;2.220446049250313E-16
LocalStaticFunction significantly different from LocalFunctionInvocation - Time;2.220446049250313E-16
LocalStaticFunction significantly different from LocalFunctionInvocation - Package;2.220446049250313E-16
LocalStaticFunction significantly different from LocalFunctionInvocation - DRAM;2.220446049250313E-16
LocalStaticFunction significantly different from LocalStaticFunctionInvocation - Time;2.220446049250313E-16
LocalStaticFunction significantly different from LocalStaticFunctionInvocation - Package;2.220446049250313E-16
LocalStaticFunction significantly different from LocalStaticFunctionInvocation - DRAM;2.220446049250313E-16
LocalFunctionInvocation significantly different from LocalStaticFunctionInvocation - Time;2.220446049250313E-16
LocalFunctionInvocation significantly different from LocalStaticFunctionInvocation - Package;2.220446049250313E-16
LocalFunctionInvocation significantly different from LocalStaticFunctionInvocation - DRAM;2.220446049250313E-16
