Key;Value
Instance significantly different from InstanceStaticField - Time;2.220446049250313E-16
Instance significantly different from InstanceStaticField - Package;4.454435864609252E-08
Instance significantly different from InstanceStaticField - DRAM;0.008102250625199092
Instance significantly different from Static - Time;2.220446049250313E-16
Instance significantly different from Static - Package;2.220446049250313E-16
Instance significantly different from Static - DRAM;2.220446049250313E-16
Instance significantly different from LocalFunction - Time;2.220446049250313E-16
Instance significantly different from LocalFunction - Package;2.220446049250313E-16
Instance significantly different from LocalFunction - DRAM;2.220446049250313E-16
Instance significantly different from Func - Time;2.220446049250313E-16
Instance significantly different from Func - Package;2.220446049250313E-16
Instance significantly different from Func - DRAM;2.220446049250313E-16
Instance significantly different from Reflection - Time;2.220446049250313E-16
Instance significantly different from Reflection - Package;2.220446049250313E-16
Instance significantly different from Reflection - DRAM;2.220446049250313E-16
Instance significantly different from FunctionPointer - Time;2.220446049250313E-16
Instance significantly different from FunctionPointer - Package;2.220446049250313E-16
Instance significantly different from FunctionPointer - DRAM;2.220446049250313E-16
Instance significantly different from Delegate - Time;2.220446049250313E-16
Instance significantly different from Delegate - Package;2.220446049250313E-16
Instance significantly different from Delegate - DRAM;2.220446049250313E-16
InstanceStaticField significantly different from Static - Time;2.220446049250313E-16
InstanceStaticField significantly different from Static - Package;2.220446049250313E-16
InstanceStaticField significantly different from Static - DRAM;1.6836631926420154E-06
InstanceStaticField significantly different from LocalFunction - Time;2.220446049250313E-16
InstanceStaticField significantly different from LocalFunction - Package;2.220446049250313E-16
InstanceStaticField significantly different from LocalFunction - DRAM;1.2072838091459204E-06
InstanceStaticField significantly different from Func - Time;2.220446049250313E-16
InstanceStaticField significantly different from Func - Package;2.220446049250313E-16
InstanceStaticField significantly different from Func - DRAM;2.220446049250313E-16
InstanceStaticField significantly different from Reflection - Time;2.220446049250313E-16
InstanceStaticField significantly different from Reflection - Package;2.220446049250313E-16
InstanceStaticField significantly different from Reflection - DRAM;2.220446049250313E-16
InstanceStaticField significantly different from FunctionPointer - Time;2.220446049250313E-16
InstanceStaticField significantly different from FunctionPointer - Package;2.220446049250313E-16
InstanceStaticField significantly different from FunctionPointer - DRAM;4.474629533568475E-07
InstanceStaticField significantly different from Delegate - Time;2.220446049250313E-16
InstanceStaticField significantly different from Delegate - Package;2.220446049250313E-16
InstanceStaticField significantly different from Delegate - DRAM;2.220446049250313E-16
Static significantly different from LocalFunction - Time;0.5377947006484725
Static significantly different from LocalFunction - Package;0.2096326162999771
Static significantly different from LocalFunction - DRAM;0.8736151276901625
Static significantly different from Func - Time;2.220446049250313E-16
Static significantly different from Func - Package;2.220446049250313E-16
Static significantly different from Func - DRAM;2.220446049250313E-16
Static significantly different from Reflection - Time;2.220446049250313E-16
Static significantly different from Reflection - Package;2.220446049250313E-16
Static significantly different from Reflection - DRAM;2.220446049250313E-16
Static significantly different from FunctionPointer - Time;0.5075956486180677
Static significantly different from FunctionPointer - Package;0.7025362157670889
Static significantly different from FunctionPointer - DRAM;0.6013479773561843
Static significantly different from Delegate - Time;2.220446049250313E-16
Static significantly different from Delegate - Package;2.220446049250313E-16
Static significantly different from Delegate - DRAM;2.220446049250313E-16
LocalFunction significantly different from Func - Time;2.220446049250313E-16
LocalFunction significantly different from Func - Package;2.220446049250313E-16
LocalFunction significantly different from Func - DRAM;2.220446049250313E-16
LocalFunction significantly different from Reflection - Time;2.220446049250313E-16
LocalFunction significantly different from Reflection - Package;2.220446049250313E-16
LocalFunction significantly different from Reflection - DRAM;2.220446049250313E-16
LocalFunction significantly different from FunctionPointer - Time;0.9558362142408183
LocalFunction significantly different from FunctionPointer - Package;0.17251078166001887
LocalFunction significantly different from FunctionPointer - DRAM;0.7231433685104167
LocalFunction significantly different from Delegate - Time;2.220446049250313E-16
LocalFunction significantly different from Delegate - Package;2.220446049250313E-16
LocalFunction significantly different from Delegate - DRAM;2.220446049250313E-16
Func significantly different from Reflection - Time;2.220446049250313E-16
Func significantly different from Reflection - Package;2.220446049250313E-16
Func significantly different from Reflection - DRAM;2.220446049250313E-16
Func significantly different from FunctionPointer - Time;2.220446049250313E-16
Func significantly different from FunctionPointer - Package;2.220446049250313E-16
Func significantly different from FunctionPointer - DRAM;2.220446049250313E-16
Func significantly different from Delegate - Time;0.7648366774798725
Func significantly different from Delegate - Package;0.11226876404176456
Func significantly different from Delegate - DRAM;0.44660928695010194
Reflection significantly different from FunctionPointer - Time;2.220446049250313E-16
Reflection significantly different from FunctionPointer - Package;2.220446049250313E-16
Reflection significantly different from FunctionPointer - DRAM;2.220446049250313E-16
Reflection significantly different from Delegate - Time;2.220446049250313E-16
Reflection significantly different from Delegate - Package;2.220446049250313E-16
Reflection significantly different from Delegate - DRAM;2.220446049250313E-16
FunctionPointer significantly different from Delegate - Time;2.220446049250313E-16
FunctionPointer significantly different from Delegate - Package;2.220446049250313E-16
FunctionPointer significantly different from Delegate - DRAM;2.220446049250313E-16
