Key;Value
ArrayCopyManualFor significantly different from ArrayCopyManualForeach - Time;0.4370542665003141
ArrayCopyManualFor significantly different from ArrayCopyManualForeach - Package;1.5543122344752192E-15
ArrayCopyManualFor significantly different from ArrayCopyManualForeach - DRAM;0.6619535122745492
ArrayCopyManualFor significantly different from ArrayCopyTo - Time;2.220446049250313E-16
ArrayCopyManualFor significantly different from ArrayCopyTo - Package;2.220446049250313E-16
ArrayCopyManualFor significantly different from ArrayCopyTo - DRAM;2.220446049250313E-16
ArrayCopyManualFor significantly different from ArrayCopy - Time;2.220446049250313E-16
ArrayCopyManualFor significantly different from ArrayCopy - Package;2.220446049250313E-16
ArrayCopyManualFor significantly different from ArrayCopy - DRAM;2.220446049250313E-16
ArrayCopyManualFor significantly different from ArrayCopyClone - Time;2.220446049250313E-16
ArrayCopyManualFor significantly different from ArrayCopyClone - Package;2.220446049250313E-16
ArrayCopyManualFor significantly different from ArrayCopyClone - DRAM;2.220446049250313E-16
ArrayCopyManualFor significantly different from ArrayListCopyManualForeach - Time;2.220446049250313E-16
ArrayCopyManualFor significantly different from ArrayListCopyManualForeach - Package;2.220446049250313E-16
ArrayCopyManualFor significantly different from ArrayListCopyManualForeach - DRAM;2.220446049250313E-16
ArrayCopyManualFor significantly different from ArrayListCopyManualFor - Time;2.220446049250313E-16
ArrayCopyManualFor significantly different from ArrayListCopyManualFor - Package;2.220446049250313E-16
ArrayCopyManualFor significantly different from ArrayListCopyManualFor - DRAM;2.220446049250313E-16
ArrayCopyManualFor significantly different from ArrayListCopyClone - Time;2.220446049250313E-16
ArrayCopyManualFor significantly different from ArrayListCopyClone - Package;2.220446049250313E-16
ArrayCopyManualFor significantly different from ArrayListCopyClone - DRAM;2.220446049250313E-16
ArrayCopyManualFor significantly different from ImmutableArrayCopyManualForeach - Time;2.220446049250313E-16
ArrayCopyManualFor significantly different from ImmutableArrayCopyManualForeach - Package;2.220446049250313E-16
ArrayCopyManualFor significantly different from ImmutableArrayCopyManualForeach - DRAM;2.220446049250313E-16
ArrayCopyManualFor significantly different from ImmutableArrayCopyManualFor - Time;2.220446049250313E-16
ArrayCopyManualFor significantly different from ImmutableArrayCopyManualFor - Package;2.220446049250313E-16
ArrayCopyManualFor significantly different from ImmutableArrayCopyManualFor - DRAM;2.220446049250313E-16
ArrayCopyManualFor significantly different from ImmutableListCopyManualForeach - Time;2.220446049250313E-16
ArrayCopyManualFor significantly different from ImmutableListCopyManualForeach - Package;2.220446049250313E-16
ArrayCopyManualFor significantly different from ImmutableListCopyManualForeach - DRAM;2.220446049250313E-16
ArrayCopyManualFor significantly different from ImmutableListCopyManualFor - Time;2.220446049250313E-16
ArrayCopyManualFor significantly different from ImmutableListCopyManualFor - Package;2.220446049250313E-16
ArrayCopyManualFor significantly different from ImmutableListCopyManualFor - DRAM;2.220446049250313E-16
ArrayCopyManualFor significantly different from LinkedListCopyManualFor - Time;2.220446049250313E-16
ArrayCopyManualFor significantly different from LinkedListCopyManualFor - Package;2.220446049250313E-16
ArrayCopyManualFor significantly different from LinkedListCopyManualFor - DRAM;2.220446049250313E-16
ArrayCopyManualFor significantly different from LinkedListCopyManualForeach - Time;2.220446049250313E-16
ArrayCopyManualFor significantly different from LinkedListCopyManualForeach - Package;2.220446049250313E-16
ArrayCopyManualFor significantly different from LinkedListCopyManualForeach - DRAM;2.220446049250313E-16
ArrayCopyManualFor significantly different from ListCopyManualForeach - Time;2.220446049250313E-16
ArrayCopyManualFor significantly different from ListCopyManualForeach - Package;2.220446049250313E-16
ArrayCopyManualFor significantly different from ListCopyManualForeach - DRAM;2.220446049250313E-16
ArrayCopyManualFor significantly different from ListCopyManualFor - Time;2.220446049250313E-16
ArrayCopyManualFor significantly different from ListCopyManualFor - Package;2.220446049250313E-16
ArrayCopyManualFor significantly different from ListCopyManualFor - DRAM;2.220446049250313E-16
ArrayCopyManualFor significantly different from ListCopyPreAllocated - Time;2.220446049250313E-16
ArrayCopyManualFor significantly different from ListCopyPreAllocated - Package;2.220446049250313E-16
ArrayCopyManualFor significantly different from ListCopyPreAllocated - DRAM;2.220446049250313E-16
ArrayCopyManualFor significantly different from ListCopyConstructor - Time;2.220446049250313E-16
ArrayCopyManualFor significantly different from ListCopyConstructor - Package;2.220446049250313E-16
ArrayCopyManualFor significantly different from ListCopyConstructor - DRAM;2.220446049250313E-16
ArrayCopyManualFor significantly different from ListCopyGetRange - Time;2.220446049250313E-16
ArrayCopyManualFor significantly different from ListCopyGetRange - Package;2.220446049250313E-16
ArrayCopyManualFor significantly different from ListCopyGetRange - DRAM;2.220446049250313E-16
ArrayCopyManualFor significantly different from ListCopyManualLinq - Time;2.220446049250313E-16
ArrayCopyManualFor significantly different from ListCopyManualLinq - Package;2.220446049250313E-16
ArrayCopyManualFor significantly different from ListCopyManualLinq - DRAM;2.220446049250313E-16
ArrayCopyManualForeach significantly different from ArrayCopyTo - Time;2.220446049250313E-16
ArrayCopyManualForeach significantly different from ArrayCopyTo - Package;2.220446049250313E-16
ArrayCopyManualForeach significantly different from ArrayCopyTo - DRAM;2.220446049250313E-16
ArrayCopyManualForeach significantly different from ArrayCopy - Time;2.220446049250313E-16
ArrayCopyManualForeach significantly different from ArrayCopy - Package;2.220446049250313E-16
ArrayCopyManualForeach significantly different from ArrayCopy - DRAM;2.220446049250313E-16
ArrayCopyManualForeach significantly different from ArrayCopyClone - Time;2.220446049250313E-16
ArrayCopyManualForeach significantly different from ArrayCopyClone - Package;2.220446049250313E-16
ArrayCopyManualForeach significantly different from ArrayCopyClone - DRAM;2.220446049250313E-16
ArrayCopyManualForeach significantly different from ArrayListCopyManualForeach - Time;2.220446049250313E-16
ArrayCopyManualForeach significantly different from ArrayListCopyManualForeach - Package;2.220446049250313E-16
ArrayCopyManualForeach significantly different from ArrayListCopyManualForeach - DRAM;2.220446049250313E-16
ArrayCopyManualForeach significantly different from ArrayListCopyManualFor - Time;2.220446049250313E-16
ArrayCopyManualForeach significantly different from ArrayListCopyManualFor - Package;2.220446049250313E-16
ArrayCopyManualForeach significantly different from ArrayListCopyManualFor - DRAM;2.220446049250313E-16
ArrayCopyManualForeach significantly different from ArrayListCopyClone - Time;2.220446049250313E-16
ArrayCopyManualForeach significantly different from ArrayListCopyClone - Package;2.220446049250313E-16
ArrayCopyManualForeach significantly different from ArrayListCopyClone - DRAM;2.220446049250313E-16
ArrayCopyManualForeach significantly different from ImmutableArrayCopyManualForeach - Time;2.220446049250313E-16
ArrayCopyManualForeach significantly different from ImmutableArrayCopyManualForeach - Package;2.220446049250313E-16
ArrayCopyManualForeach significantly different from ImmutableArrayCopyManualForeach - DRAM;2.220446049250313E-16
ArrayCopyManualForeach significantly different from ImmutableArrayCopyManualFor - Time;2.220446049250313E-16
ArrayCopyManualForeach significantly different from ImmutableArrayCopyManualFor - Package;2.220446049250313E-16
ArrayCopyManualForeach significantly different from ImmutableArrayCopyManualFor - DRAM;2.220446049250313E-16
ArrayCopyManualForeach significantly different from ImmutableListCopyManualForeach - Time;2.220446049250313E-16
ArrayCopyManualForeach significantly different from ImmutableListCopyManualForeach - Package;2.220446049250313E-16
ArrayCopyManualForeach significantly different from ImmutableListCopyManualForeach - DRAM;2.220446049250313E-16
ArrayCopyManualForeach significantly different from ImmutableListCopyManualFor - Time;2.220446049250313E-16
ArrayCopyManualForeach significantly different from ImmutableListCopyManualFor - Package;2.220446049250313E-16
ArrayCopyManualForeach significantly different from ImmutableListCopyManualFor - DRAM;2.220446049250313E-16
ArrayCopyManualForeach significantly different from LinkedListCopyManualFor - Time;2.220446049250313E-16
ArrayCopyManualForeach significantly different from LinkedListCopyManualFor - Package;2.220446049250313E-16
ArrayCopyManualForeach significantly different from LinkedListCopyManualFor - DRAM;2.220446049250313E-16
ArrayCopyManualForeach significantly different from LinkedListCopyManualForeach - Time;2.220446049250313E-16
ArrayCopyManualForeach significantly different from LinkedListCopyManualForeach - Package;2.220446049250313E-16
ArrayCopyManualForeach significantly different from LinkedListCopyManualForeach - DRAM;2.220446049250313E-16
ArrayCopyManualForeach significantly different from ListCopyManualForeach - Time;2.220446049250313E-16
ArrayCopyManualForeach significantly different from ListCopyManualForeach - Package;2.220446049250313E-16
ArrayCopyManualForeach significantly different from ListCopyManualForeach - DRAM;2.220446049250313E-16
ArrayCopyManualForeach significantly different from ListCopyManualFor - Time;2.220446049250313E-16
ArrayCopyManualForeach significantly different from ListCopyManualFor - Package;2.220446049250313E-16
ArrayCopyManualForeach significantly different from ListCopyManualFor - DRAM;2.220446049250313E-16
ArrayCopyManualForeach significantly different from ListCopyPreAllocated - Time;2.220446049250313E-16
ArrayCopyManualForeach significantly different from ListCopyPreAllocated - Package;2.220446049250313E-16
ArrayCopyManualForeach significantly different from ListCopyPreAllocated - DRAM;2.220446049250313E-16
ArrayCopyManualForeach significantly different from ListCopyConstructor - Time;2.220446049250313E-16
ArrayCopyManualForeach significantly different from ListCopyConstructor - Package;2.220446049250313E-16
ArrayCopyManualForeach significantly different from ListCopyConstructor - DRAM;2.220446049250313E-16
ArrayCopyManualForeach significantly different from ListCopyGetRange - Time;2.220446049250313E-16
ArrayCopyManualForeach significantly different from ListCopyGetRange - Package;2.220446049250313E-16
ArrayCopyManualForeach significantly different from ListCopyGetRange - DRAM;2.220446049250313E-16
ArrayCopyManualForeach significantly different from ListCopyManualLinq - Time;2.220446049250313E-16
ArrayCopyManualForeach significantly different from ListCopyManualLinq - Package;2.220446049250313E-16
ArrayCopyManualForeach significantly different from ListCopyManualLinq - DRAM;2.220446049250313E-16
ArrayCopyTo significantly different from ArrayCopy - Time;0.03702775686355997
ArrayCopyTo significantly different from ArrayCopy - Package;0.08209644596304955
ArrayCopyTo significantly different from ArrayCopy - DRAM;0.0006261596906567135
ArrayCopyTo significantly different from ArrayCopyClone - Time;2.220446049250313E-16
ArrayCopyTo significantly different from ArrayCopyClone - Package;2.220446049250313E-16
ArrayCopyTo significantly different from ArrayCopyClone - DRAM;2.220446049250313E-16
ArrayCopyTo significantly different from ArrayListCopyManualForeach - Time;2.220446049250313E-16
ArrayCopyTo significantly different from ArrayListCopyManualForeach - Package;2.220446049250313E-16
ArrayCopyTo significantly different from ArrayListCopyManualForeach - DRAM;2.220446049250313E-16
ArrayCopyTo significantly different from ArrayListCopyManualFor - Time;2.220446049250313E-16
ArrayCopyTo significantly different from ArrayListCopyManualFor - Package;2.220446049250313E-16
ArrayCopyTo significantly different from ArrayListCopyManualFor - DRAM;2.220446049250313E-16
ArrayCopyTo significantly different from ArrayListCopyClone - Time;2.220446049250313E-16
ArrayCopyTo significantly different from ArrayListCopyClone - Package;2.220446049250313E-16
ArrayCopyTo significantly different from ArrayListCopyClone - DRAM;2.220446049250313E-16
ArrayCopyTo significantly different from ImmutableArrayCopyManualForeach - Time;2.220446049250313E-16
ArrayCopyTo significantly different from ImmutableArrayCopyManualForeach - Package;2.220446049250313E-16
ArrayCopyTo significantly different from ImmutableArrayCopyManualForeach - DRAM;2.220446049250313E-16
ArrayCopyTo significantly different from ImmutableArrayCopyManualFor - Time;2.220446049250313E-16
ArrayCopyTo significantly different from ImmutableArrayCopyManualFor - Package;2.220446049250313E-16
ArrayCopyTo significantly different from ImmutableArrayCopyManualFor - DRAM;2.220446049250313E-16
ArrayCopyTo significantly different from ImmutableListCopyManualForeach - Time;2.220446049250313E-16
ArrayCopyTo significantly different from ImmutableListCopyManualForeach - Package;2.220446049250313E-16
ArrayCopyTo significantly different from ImmutableListCopyManualForeach - DRAM;2.220446049250313E-16
ArrayCopyTo significantly different from ImmutableListCopyManualFor - Time;2.220446049250313E-16
ArrayCopyTo significantly different from ImmutableListCopyManualFor - Package;2.220446049250313E-16
ArrayCopyTo significantly different from ImmutableListCopyManualFor - DRAM;2.220446049250313E-16
ArrayCopyTo significantly different from LinkedListCopyManualFor - Time;2.220446049250313E-16
ArrayCopyTo significantly different from LinkedListCopyManualFor - Package;2.220446049250313E-16
ArrayCopyTo significantly different from LinkedListCopyManualFor - DRAM;2.220446049250313E-16
ArrayCopyTo significantly different from LinkedListCopyManualForeach - Time;2.220446049250313E-16
ArrayCopyTo significantly different from LinkedListCopyManualForeach - Package;2.220446049250313E-16
ArrayCopyTo significantly different from LinkedListCopyManualForeach - DRAM;2.220446049250313E-16
ArrayCopyTo significantly different from ListCopyManualForeach - Time;2.220446049250313E-16
ArrayCopyTo significantly different from ListCopyManualForeach - Package;2.220446049250313E-16
ArrayCopyTo significantly different from ListCopyManualForeach - DRAM;2.220446049250313E-16
ArrayCopyTo significantly different from ListCopyManualFor - Time;2.220446049250313E-16
ArrayCopyTo significantly different from ListCopyManualFor - Package;2.220446049250313E-16
ArrayCopyTo significantly different from ListCopyManualFor - DRAM;2.220446049250313E-16
ArrayCopyTo significantly different from ListCopyPreAllocated - Time;2.220446049250313E-16
ArrayCopyTo significantly different from ListCopyPreAllocated - Package;2.220446049250313E-16
ArrayCopyTo significantly different from ListCopyPreAllocated - DRAM;2.220446049250313E-16
ArrayCopyTo significantly different from ListCopyConstructor - Time;2.220446049250313E-16
ArrayCopyTo significantly different from ListCopyConstructor - Package;2.220446049250313E-16
ArrayCopyTo significantly different from ListCopyConstructor - DRAM;2.220446049250313E-16
ArrayCopyTo significantly different from ListCopyGetRange - Time;2.220446049250313E-16
ArrayCopyTo significantly different from ListCopyGetRange - Package;2.220446049250313E-16
ArrayCopyTo significantly different from ListCopyGetRange - DRAM;2.220446049250313E-16
ArrayCopyTo significantly different from ListCopyManualLinq - Time;2.220446049250313E-16
ArrayCopyTo significantly different from ListCopyManualLinq - Package;2.220446049250313E-16
ArrayCopyTo significantly different from ListCopyManualLinq - DRAM;2.220446049250313E-16
ArrayCopy significantly different from ArrayCopyClone - Time;2.220446049250313E-16
ArrayCopy significantly different from ArrayCopyClone - Package;2.220446049250313E-16
ArrayCopy significantly different from ArrayCopyClone - DRAM;2.220446049250313E-16
ArrayCopy significantly different from ArrayListCopyManualForeach - Time;2.220446049250313E-16
ArrayCopy significantly different from ArrayListCopyManualForeach - Package;2.220446049250313E-16
ArrayCopy significantly different from ArrayListCopyManualForeach - DRAM;2.220446049250313E-16
ArrayCopy significantly different from ArrayListCopyManualFor - Time;2.220446049250313E-16
ArrayCopy significantly different from ArrayListCopyManualFor - Package;2.220446049250313E-16
ArrayCopy significantly different from ArrayListCopyManualFor - DRAM;2.220446049250313E-16
ArrayCopy significantly different from ArrayListCopyClone - Time;2.220446049250313E-16
ArrayCopy significantly different from ArrayListCopyClone - Package;2.220446049250313E-16
ArrayCopy significantly different from ArrayListCopyClone - DRAM;2.220446049250313E-16
ArrayCopy significantly different from ImmutableArrayCopyManualForeach - Time;2.220446049250313E-16
ArrayCopy significantly different from ImmutableArrayCopyManualForeach - Package;2.220446049250313E-16
ArrayCopy significantly different from ImmutableArrayCopyManualForeach - DRAM;2.220446049250313E-16
ArrayCopy significantly different from ImmutableArrayCopyManualFor - Time;2.220446049250313E-16
ArrayCopy significantly different from ImmutableArrayCopyManualFor - Package;2.220446049250313E-16
ArrayCopy significantly different from ImmutableArrayCopyManualFor - DRAM;2.220446049250313E-16
ArrayCopy significantly different from ImmutableListCopyManualForeach - Time;2.220446049250313E-16
ArrayCopy significantly different from ImmutableListCopyManualForeach - Package;2.220446049250313E-16
ArrayCopy significantly different from ImmutableListCopyManualForeach - DRAM;2.220446049250313E-16
ArrayCopy significantly different from ImmutableListCopyManualFor - Time;2.220446049250313E-16
ArrayCopy significantly different from ImmutableListCopyManualFor - Package;2.220446049250313E-16
ArrayCopy significantly different from ImmutableListCopyManualFor - DRAM;2.220446049250313E-16
ArrayCopy significantly different from LinkedListCopyManualFor - Time;2.220446049250313E-16
ArrayCopy significantly different from LinkedListCopyManualFor - Package;2.220446049250313E-16
ArrayCopy significantly different from LinkedListCopyManualFor - DRAM;2.220446049250313E-16
ArrayCopy significantly different from LinkedListCopyManualForeach - Time;2.220446049250313E-16
ArrayCopy significantly different from LinkedListCopyManualForeach - Package;2.220446049250313E-16
ArrayCopy significantly different from LinkedListCopyManualForeach - DRAM;2.220446049250313E-16
ArrayCopy significantly different from ListCopyManualForeach - Time;2.220446049250313E-16
ArrayCopy significantly different from ListCopyManualForeach - Package;2.220446049250313E-16
ArrayCopy significantly different from ListCopyManualForeach - DRAM;2.220446049250313E-16
ArrayCopy significantly different from ListCopyManualFor - Time;2.220446049250313E-16
ArrayCopy significantly different from ListCopyManualFor - Package;2.220446049250313E-16
ArrayCopy significantly different from ListCopyManualFor - DRAM;2.220446049250313E-16
ArrayCopy significantly different from ListCopyPreAllocated - Time;2.220446049250313E-16
ArrayCopy significantly different from ListCopyPreAllocated - Package;2.220446049250313E-16
ArrayCopy significantly different from ListCopyPreAllocated - DRAM;2.220446049250313E-16
ArrayCopy significantly different from ListCopyConstructor - Time;2.220446049250313E-16
ArrayCopy significantly different from ListCopyConstructor - Package;2.220446049250313E-16
ArrayCopy significantly different from ListCopyConstructor - DRAM;2.220446049250313E-16
ArrayCopy significantly different from ListCopyGetRange - Time;2.220446049250313E-16
ArrayCopy significantly different from ListCopyGetRange - Package;2.220446049250313E-16
ArrayCopy significantly different from ListCopyGetRange - DRAM;2.220446049250313E-16
ArrayCopy significantly different from ListCopyManualLinq - Time;2.220446049250313E-16
ArrayCopy significantly different from ListCopyManualLinq - Package;2.220446049250313E-16
ArrayCopy significantly different from ListCopyManualLinq - DRAM;2.220446049250313E-16
ArrayCopyClone significantly different from ArrayListCopyManualForeach - Time;2.220446049250313E-16
ArrayCopyClone significantly different from ArrayListCopyManualForeach - Package;2.220446049250313E-16
ArrayCopyClone significantly different from ArrayListCopyManualForeach - DRAM;2.220446049250313E-16
ArrayCopyClone significantly different from ArrayListCopyManualFor - Time;2.220446049250313E-16
ArrayCopyClone significantly different from ArrayListCopyManualFor - Package;2.220446049250313E-16
ArrayCopyClone significantly different from ArrayListCopyManualFor - DRAM;2.220446049250313E-16
ArrayCopyClone significantly different from ArrayListCopyClone - Time;2.220446049250313E-16
ArrayCopyClone significantly different from ArrayListCopyClone - Package;2.220446049250313E-16
ArrayCopyClone significantly different from ArrayListCopyClone - DRAM;2.220446049250313E-16
ArrayCopyClone significantly different from ImmutableArrayCopyManualForeach - Time;2.220446049250313E-16
ArrayCopyClone significantly different from ImmutableArrayCopyManualForeach - Package;2.220446049250313E-16
ArrayCopyClone significantly different from ImmutableArrayCopyManualForeach - DRAM;2.220446049250313E-16
ArrayCopyClone significantly different from ImmutableArrayCopyManualFor - Time;2.220446049250313E-16
ArrayCopyClone significantly different from ImmutableArrayCopyManualFor - Package;2.220446049250313E-16
ArrayCopyClone significantly different from ImmutableArrayCopyManualFor - DRAM;2.220446049250313E-16
ArrayCopyClone significantly different from ImmutableListCopyManualForeach - Time;2.220446049250313E-16
ArrayCopyClone significantly different from ImmutableListCopyManualForeach - Package;2.220446049250313E-16
ArrayCopyClone significantly different from ImmutableListCopyManualForeach - DRAM;2.220446049250313E-16
ArrayCopyClone significantly different from ImmutableListCopyManualFor - Time;2.220446049250313E-16
ArrayCopyClone significantly different from ImmutableListCopyManualFor - Package;2.220446049250313E-16
ArrayCopyClone significantly different from ImmutableListCopyManualFor - DRAM;2.220446049250313E-16
ArrayCopyClone significantly different from LinkedListCopyManualFor - Time;2.220446049250313E-16
ArrayCopyClone significantly different from LinkedListCopyManualFor - Package;2.220446049250313E-16
ArrayCopyClone significantly different from LinkedListCopyManualFor - DRAM;2.220446049250313E-16
ArrayCopyClone significantly different from LinkedListCopyManualForeach - Time;2.220446049250313E-16
ArrayCopyClone significantly different from LinkedListCopyManualForeach - Package;2.220446049250313E-16
ArrayCopyClone significantly different from LinkedListCopyManualForeach - DRAM;2.220446049250313E-16
ArrayCopyClone significantly different from ListCopyManualForeach - Time;2.220446049250313E-16
ArrayCopyClone significantly different from ListCopyManualForeach - Package;2.220446049250313E-16
ArrayCopyClone significantly different from ListCopyManualForeach - DRAM;2.220446049250313E-16
ArrayCopyClone significantly different from ListCopyManualFor - Time;2.220446049250313E-16
ArrayCopyClone significantly different from ListCopyManualFor - Package;2.220446049250313E-16
ArrayCopyClone significantly different from ListCopyManualFor - DRAM;2.220446049250313E-16
ArrayCopyClone significantly different from ListCopyPreAllocated - Time;2.220446049250313E-16
ArrayCopyClone significantly different from ListCopyPreAllocated - Package;2.220446049250313E-16
ArrayCopyClone significantly different from ListCopyPreAllocated - DRAM;2.220446049250313E-16
ArrayCopyClone significantly different from ListCopyConstructor - Time;2.220446049250313E-16
ArrayCopyClone significantly different from ListCopyConstructor - Package;2.220446049250313E-16
ArrayCopyClone significantly different from ListCopyConstructor - DRAM;2.220446049250313E-16
ArrayCopyClone significantly different from ListCopyGetRange - Time;2.220446049250313E-16
ArrayCopyClone significantly different from ListCopyGetRange - Package;2.220446049250313E-16
ArrayCopyClone significantly different from ListCopyGetRange - DRAM;2.220446049250313E-16
ArrayCopyClone significantly different from ListCopyManualLinq - Time;2.220446049250313E-16
ArrayCopyClone significantly different from ListCopyManualLinq - Package;2.220446049250313E-16
ArrayCopyClone significantly different from ListCopyManualLinq - DRAM;2.220446049250313E-16
ArrayListCopyManualForeach significantly different from ArrayListCopyManualFor - Time;2.220446049250313E-16
ArrayListCopyManualForeach significantly different from ArrayListCopyManualFor - Package;2.220446049250313E-16
ArrayListCopyManualForeach significantly different from ArrayListCopyManualFor - DRAM;2.220446049250313E-16
ArrayListCopyManualForeach significantly different from ArrayListCopyClone - Time;2.220446049250313E-16
ArrayListCopyManualForeach significantly different from ArrayListCopyClone - Package;2.220446049250313E-16
ArrayListCopyManualForeach significantly different from ArrayListCopyClone - DRAM;2.220446049250313E-16
ArrayListCopyManualForeach significantly different from ImmutableArrayCopyManualForeach - Time;2.220446049250313E-16
ArrayListCopyManualForeach significantly different from ImmutableArrayCopyManualForeach - Package;2.220446049250313E-16
ArrayListCopyManualForeach significantly different from ImmutableArrayCopyManualForeach - DRAM;2.220446049250313E-16
ArrayListCopyManualForeach significantly different from ImmutableArrayCopyManualFor - Time;2.220446049250313E-16
ArrayListCopyManualForeach significantly different from ImmutableArrayCopyManualFor - Package;2.220446049250313E-16
ArrayListCopyManualForeach significantly different from ImmutableArrayCopyManualFor - DRAM;2.220446049250313E-16
ArrayListCopyManualForeach significantly different from ImmutableListCopyManualForeach - Time;2.220446049250313E-16
ArrayListCopyManualForeach significantly different from ImmutableListCopyManualForeach - Package;2.220446049250313E-16
ArrayListCopyManualForeach significantly different from ImmutableListCopyManualForeach - DRAM;2.220446049250313E-16
ArrayListCopyManualForeach significantly different from ImmutableListCopyManualFor - Time;2.220446049250313E-16
ArrayListCopyManualForeach significantly different from ImmutableListCopyManualFor - Package;2.220446049250313E-16
ArrayListCopyManualForeach significantly different from ImmutableListCopyManualFor - DRAM;2.220446049250313E-16
ArrayListCopyManualForeach significantly different from LinkedListCopyManualFor - Time;2.220446049250313E-16
ArrayListCopyManualForeach significantly different from LinkedListCopyManualFor - Package;5.040412531798211E-14
ArrayListCopyManualForeach significantly different from LinkedListCopyManualFor - DRAM;2.220446049250313E-16
ArrayListCopyManualForeach significantly different from LinkedListCopyManualForeach - Time;2.220446049250313E-16
ArrayListCopyManualForeach significantly different from LinkedListCopyManualForeach - Package;2.220446049250313E-16
ArrayListCopyManualForeach significantly different from LinkedListCopyManualForeach - DRAM;2.220446049250313E-16
ArrayListCopyManualForeach significantly different from ListCopyManualForeach - Time;2.220446049250313E-16
ArrayListCopyManualForeach significantly different from ListCopyManualForeach - Package;2.220446049250313E-16
ArrayListCopyManualForeach significantly different from ListCopyManualForeach - DRAM;2.220446049250313E-16
ArrayListCopyManualForeach significantly different from ListCopyManualFor - Time;2.220446049250313E-16
ArrayListCopyManualForeach significantly different from ListCopyManualFor - Package;2.220446049250313E-16
ArrayListCopyManualForeach significantly different from ListCopyManualFor - DRAM;2.220446049250313E-16
ArrayListCopyManualForeach significantly different from ListCopyPreAllocated - Time;2.220446049250313E-16
ArrayListCopyManualForeach significantly different from ListCopyPreAllocated - Package;2.220446049250313E-16
ArrayListCopyManualForeach significantly different from ListCopyPreAllocated - DRAM;2.220446049250313E-16
ArrayListCopyManualForeach significantly different from ListCopyConstructor - Time;2.220446049250313E-16
ArrayListCopyManualForeach significantly different from ListCopyConstructor - Package;2.220446049250313E-16
ArrayListCopyManualForeach significantly different from ListCopyConstructor - DRAM;2.220446049250313E-16
ArrayListCopyManualForeach significantly different from ListCopyGetRange - Time;2.220446049250313E-16
ArrayListCopyManualForeach significantly different from ListCopyGetRange - Package;2.220446049250313E-16
ArrayListCopyManualForeach significantly different from ListCopyGetRange - DRAM;2.220446049250313E-16
ArrayListCopyManualForeach significantly different from ListCopyManualLinq - Time;2.220446049250313E-16
ArrayListCopyManualForeach significantly different from ListCopyManualLinq - Package;2.220446049250313E-16
ArrayListCopyManualForeach significantly different from ListCopyManualLinq - DRAM;2.220446049250313E-16
ArrayListCopyManualFor significantly different from ArrayListCopyClone - Time;2.220446049250313E-16
ArrayListCopyManualFor significantly different from ArrayListCopyClone - Package;2.220446049250313E-16
ArrayListCopyManualFor significantly different from ArrayListCopyClone - DRAM;2.220446049250313E-16
ArrayListCopyManualFor significantly different from ImmutableArrayCopyManualForeach - Time;2.220446049250313E-16
ArrayListCopyManualFor significantly different from ImmutableArrayCopyManualForeach - Package;2.220446049250313E-16
ArrayListCopyManualFor significantly different from ImmutableArrayCopyManualForeach - DRAM;2.220446049250313E-16
ArrayListCopyManualFor significantly different from ImmutableArrayCopyManualFor - Time;2.220446049250313E-16
ArrayListCopyManualFor significantly different from ImmutableArrayCopyManualFor - Package;2.220446049250313E-16
ArrayListCopyManualFor significantly different from ImmutableArrayCopyManualFor - DRAM;2.220446049250313E-16
ArrayListCopyManualFor significantly different from ImmutableListCopyManualForeach - Time;2.220446049250313E-16
ArrayListCopyManualFor significantly different from ImmutableListCopyManualForeach - Package;2.220446049250313E-16
ArrayListCopyManualFor significantly different from ImmutableListCopyManualForeach - DRAM;2.220446049250313E-16
ArrayListCopyManualFor significantly different from ImmutableListCopyManualFor - Time;2.220446049250313E-16
ArrayListCopyManualFor significantly different from ImmutableListCopyManualFor - Package;2.220446049250313E-16
ArrayListCopyManualFor significantly different from ImmutableListCopyManualFor - DRAM;2.220446049250313E-16
ArrayListCopyManualFor significantly different from LinkedListCopyManualFor - Time;2.220446049250313E-16
ArrayListCopyManualFor significantly different from LinkedListCopyManualFor - Package;2.220446049250313E-16
ArrayListCopyManualFor significantly different from LinkedListCopyManualFor - DRAM;2.220446049250313E-16
ArrayListCopyManualFor significantly different from LinkedListCopyManualForeach - Time;2.220446049250313E-16
ArrayListCopyManualFor significantly different from LinkedListCopyManualForeach - Package;2.220446049250313E-16
ArrayListCopyManualFor significantly different from LinkedListCopyManualForeach - DRAM;2.220446049250313E-16
ArrayListCopyManualFor significantly different from ListCopyManualForeach - Time;2.220446049250313E-16
ArrayListCopyManualFor significantly different from ListCopyManualForeach - Package;2.220446049250313E-16
ArrayListCopyManualFor significantly different from ListCopyManualForeach - DRAM;2.220446049250313E-16
ArrayListCopyManualFor significantly different from ListCopyManualFor - Time;2.220446049250313E-16
ArrayListCopyManualFor significantly different from ListCopyManualFor - Package;2.220446049250313E-16
ArrayListCopyManualFor significantly different from ListCopyManualFor - DRAM;2.220446049250313E-16
ArrayListCopyManualFor significantly different from ListCopyPreAllocated - Time;2.220446049250313E-16
ArrayListCopyManualFor significantly different from ListCopyPreAllocated - Package;2.220446049250313E-16
ArrayListCopyManualFor significantly different from ListCopyPreAllocated - DRAM;2.220446049250313E-16
ArrayListCopyManualFor significantly different from ListCopyConstructor - Time;2.220446049250313E-16
ArrayListCopyManualFor significantly different from ListCopyConstructor - Package;2.220446049250313E-16
ArrayListCopyManualFor significantly different from ListCopyConstructor - DRAM;2.220446049250313E-16
ArrayListCopyManualFor significantly different from ListCopyGetRange - Time;2.220446049250313E-16
ArrayListCopyManualFor significantly different from ListCopyGetRange - Package;2.220446049250313E-16
ArrayListCopyManualFor significantly different from ListCopyGetRange - DRAM;2.220446049250313E-16
ArrayListCopyManualFor significantly different from ListCopyManualLinq - Time;2.220446049250313E-16
ArrayListCopyManualFor significantly different from ListCopyManualLinq - Package;2.220446049250313E-16
ArrayListCopyManualFor significantly different from ListCopyManualLinq - DRAM;2.220446049250313E-16
ArrayListCopyClone significantly different from ImmutableArrayCopyManualForeach - Time;2.220446049250313E-16
ArrayListCopyClone significantly different from ImmutableArrayCopyManualForeach - Package;2.220446049250313E-16
ArrayListCopyClone significantly different from ImmutableArrayCopyManualForeach - DRAM;2.220446049250313E-16
ArrayListCopyClone significantly different from ImmutableArrayCopyManualFor - Time;2.220446049250313E-16
ArrayListCopyClone significantly different from ImmutableArrayCopyManualFor - Package;2.220446049250313E-16
ArrayListCopyClone significantly different from ImmutableArrayCopyManualFor - DRAM;2.220446049250313E-16
ArrayListCopyClone significantly different from ImmutableListCopyManualForeach - Time;2.220446049250313E-16
ArrayListCopyClone significantly different from ImmutableListCopyManualForeach - Package;2.220446049250313E-16
ArrayListCopyClone significantly different from ImmutableListCopyManualForeach - DRAM;2.220446049250313E-16
ArrayListCopyClone significantly different from ImmutableListCopyManualFor - Time;2.220446049250313E-16
ArrayListCopyClone significantly different from ImmutableListCopyManualFor - Package;2.220446049250313E-16
ArrayListCopyClone significantly different from ImmutableListCopyManualFor - DRAM;2.220446049250313E-16
ArrayListCopyClone significantly different from LinkedListCopyManualFor - Time;2.220446049250313E-16
ArrayListCopyClone significantly different from LinkedListCopyManualFor - Package;2.220446049250313E-16
ArrayListCopyClone significantly different from LinkedListCopyManualFor - DRAM;2.220446049250313E-16
ArrayListCopyClone significantly different from LinkedListCopyManualForeach - Time;2.220446049250313E-16
ArrayListCopyClone significantly different from LinkedListCopyManualForeach - Package;2.220446049250313E-16
ArrayListCopyClone significantly different from LinkedListCopyManualForeach - DRAM;2.220446049250313E-16
ArrayListCopyClone significantly different from ListCopyManualForeach - Time;2.220446049250313E-16
ArrayListCopyClone significantly different from ListCopyManualForeach - Package;2.220446049250313E-16
ArrayListCopyClone significantly different from ListCopyManualForeach - DRAM;2.220446049250313E-16
ArrayListCopyClone significantly different from ListCopyManualFor - Time;2.220446049250313E-16
ArrayListCopyClone significantly different from ListCopyManualFor - Package;2.220446049250313E-16
ArrayListCopyClone significantly different from ListCopyManualFor - DRAM;2.220446049250313E-16
ArrayListCopyClone significantly different from ListCopyPreAllocated - Time;2.220446049250313E-16
ArrayListCopyClone significantly different from ListCopyPreAllocated - Package;2.220446049250313E-16
ArrayListCopyClone significantly different from ListCopyPreAllocated - DRAM;2.220446049250313E-16
ArrayListCopyClone significantly different from ListCopyConstructor - Time;2.220446049250313E-16
ArrayListCopyClone significantly different from ListCopyConstructor - Package;2.220446049250313E-16
ArrayListCopyClone significantly different from ListCopyConstructor - DRAM;2.220446049250313E-16
ArrayListCopyClone significantly different from ListCopyGetRange - Time;2.220446049250313E-16
ArrayListCopyClone significantly different from ListCopyGetRange - Package;2.220446049250313E-16
ArrayListCopyClone significantly different from ListCopyGetRange - DRAM;2.220446049250313E-16
ArrayListCopyClone significantly different from ListCopyManualLinq - Time;2.220446049250313E-16
ArrayListCopyClone significantly different from ListCopyManualLinq - Package;2.220446049250313E-16
ArrayListCopyClone significantly different from ListCopyManualLinq - DRAM;2.220446049250313E-16
ImmutableArrayCopyManualForeach significantly different from ImmutableArrayCopyManualFor - Time;2.220446049250313E-16
ImmutableArrayCopyManualForeach significantly different from ImmutableArrayCopyManualFor - Package;0.3190244430480367
ImmutableArrayCopyManualForeach significantly different from ImmutableArrayCopyManualFor - DRAM;5.760518950737037E-09
ImmutableArrayCopyManualForeach significantly different from ImmutableListCopyManualForeach - Time;2.220446049250313E-16
ImmutableArrayCopyManualForeach significantly different from ImmutableListCopyManualForeach - Package;2.220446049250313E-16
ImmutableArrayCopyManualForeach significantly different from ImmutableListCopyManualForeach - DRAM;2.220446049250313E-16
ImmutableArrayCopyManualForeach significantly different from ImmutableListCopyManualFor - Time;2.220446049250313E-16
ImmutableArrayCopyManualForeach significantly different from ImmutableListCopyManualFor - Package;2.220446049250313E-16
ImmutableArrayCopyManualForeach significantly different from ImmutableListCopyManualFor - DRAM;2.220446049250313E-16
ImmutableArrayCopyManualForeach significantly different from LinkedListCopyManualFor - Time;2.220446049250313E-16
ImmutableArrayCopyManualForeach significantly different from LinkedListCopyManualFor - Package;2.220446049250313E-16
ImmutableArrayCopyManualForeach significantly different from LinkedListCopyManualFor - DRAM;2.220446049250313E-16
ImmutableArrayCopyManualForeach significantly different from LinkedListCopyManualForeach - Time;2.220446049250313E-16
ImmutableArrayCopyManualForeach significantly different from LinkedListCopyManualForeach - Package;2.220446049250313E-16
ImmutableArrayCopyManualForeach significantly different from LinkedListCopyManualForeach - DRAM;2.220446049250313E-16
ImmutableArrayCopyManualForeach significantly different from ListCopyManualForeach - Time;2.220446049250313E-16
ImmutableArrayCopyManualForeach significantly different from ListCopyManualForeach - Package;2.220446049250313E-16
ImmutableArrayCopyManualForeach significantly different from ListCopyManualForeach - DRAM;2.220446049250313E-16
ImmutableArrayCopyManualForeach significantly different from ListCopyManualFor - Time;2.220446049250313E-16
ImmutableArrayCopyManualForeach significantly different from ListCopyManualFor - Package;2.220446049250313E-16
ImmutableArrayCopyManualForeach significantly different from ListCopyManualFor - DRAM;2.220446049250313E-16
ImmutableArrayCopyManualForeach significantly different from ListCopyPreAllocated - Time;2.220446049250313E-16
ImmutableArrayCopyManualForeach significantly different from ListCopyPreAllocated - Package;2.220446049250313E-16
ImmutableArrayCopyManualForeach significantly different from ListCopyPreAllocated - DRAM;2.220446049250313E-16
ImmutableArrayCopyManualForeach significantly different from ListCopyConstructor - Time;2.220446049250313E-16
ImmutableArrayCopyManualForeach significantly different from ListCopyConstructor - Package;2.220446049250313E-16
ImmutableArrayCopyManualForeach significantly different from ListCopyConstructor - DRAM;2.220446049250313E-16
ImmutableArrayCopyManualForeach significantly different from ListCopyGetRange - Time;2.220446049250313E-16
ImmutableArrayCopyManualForeach significantly different from ListCopyGetRange - Package;2.220446049250313E-16
ImmutableArrayCopyManualForeach significantly different from ListCopyGetRange - DRAM;2.220446049250313E-16
ImmutableArrayCopyManualForeach significantly different from ListCopyManualLinq - Time;2.220446049250313E-16
ImmutableArrayCopyManualForeach significantly different from ListCopyManualLinq - Package;2.220446049250313E-16
ImmutableArrayCopyManualForeach significantly different from ListCopyManualLinq - DRAM;2.220446049250313E-16
ImmutableArrayCopyManualFor significantly different from ImmutableListCopyManualForeach - Time;2.220446049250313E-16
ImmutableArrayCopyManualFor significantly different from ImmutableListCopyManualForeach - Package;2.220446049250313E-16
ImmutableArrayCopyManualFor significantly different from ImmutableListCopyManualForeach - DRAM;2.220446049250313E-16
ImmutableArrayCopyManualFor significantly different from ImmutableListCopyManualFor - Time;2.220446049250313E-16
ImmutableArrayCopyManualFor significantly different from ImmutableListCopyManualFor - Package;2.220446049250313E-16
ImmutableArrayCopyManualFor significantly different from ImmutableListCopyManualFor - DRAM;2.220446049250313E-16
ImmutableArrayCopyManualFor significantly different from LinkedListCopyManualFor - Time;2.220446049250313E-16
ImmutableArrayCopyManualFor significantly different from LinkedListCopyManualFor - Package;2.220446049250313E-16
ImmutableArrayCopyManualFor significantly different from LinkedListCopyManualFor - DRAM;2.220446049250313E-16
ImmutableArrayCopyManualFor significantly different from LinkedListCopyManualForeach - Time;2.220446049250313E-16
ImmutableArrayCopyManualFor significantly different from LinkedListCopyManualForeach - Package;2.220446049250313E-16
ImmutableArrayCopyManualFor significantly different from LinkedListCopyManualForeach - DRAM;2.220446049250313E-16
ImmutableArrayCopyManualFor significantly different from ListCopyManualForeach - Time;2.220446049250313E-16
ImmutableArrayCopyManualFor significantly different from ListCopyManualForeach - Package;2.220446049250313E-16
ImmutableArrayCopyManualFor significantly different from ListCopyManualForeach - DRAM;2.220446049250313E-16
ImmutableArrayCopyManualFor significantly different from ListCopyManualFor - Time;2.220446049250313E-16
ImmutableArrayCopyManualFor significantly different from ListCopyManualFor - Package;2.220446049250313E-16
ImmutableArrayCopyManualFor significantly different from ListCopyManualFor - DRAM;2.220446049250313E-16
ImmutableArrayCopyManualFor significantly different from ListCopyPreAllocated - Time;2.220446049250313E-16
ImmutableArrayCopyManualFor significantly different from ListCopyPreAllocated - Package;2.220446049250313E-16
ImmutableArrayCopyManualFor significantly different from ListCopyPreAllocated - DRAM;2.220446049250313E-16
ImmutableArrayCopyManualFor significantly different from ListCopyConstructor - Time;2.220446049250313E-16
ImmutableArrayCopyManualFor significantly different from ListCopyConstructor - Package;2.220446049250313E-16
ImmutableArrayCopyManualFor significantly different from ListCopyConstructor - DRAM;2.220446049250313E-16
ImmutableArrayCopyManualFor significantly different from ListCopyGetRange - Time;2.220446049250313E-16
ImmutableArrayCopyManualFor significantly different from ListCopyGetRange - Package;2.220446049250313E-16
ImmutableArrayCopyManualFor significantly different from ListCopyGetRange - DRAM;2.220446049250313E-16
ImmutableArrayCopyManualFor significantly different from ListCopyManualLinq - Time;2.220446049250313E-16
ImmutableArrayCopyManualFor significantly different from ListCopyManualLinq - Package;2.220446049250313E-16
ImmutableArrayCopyManualFor significantly different from ListCopyManualLinq - DRAM;2.220446049250313E-16
ImmutableListCopyManualForeach significantly different from ImmutableListCopyManualFor - Time;2.220446049250313E-16
ImmutableListCopyManualForeach significantly different from ImmutableListCopyManualFor - Package;2.220446049250313E-16
ImmutableListCopyManualForeach significantly different from ImmutableListCopyManualFor - DRAM;2.220446049250313E-16
ImmutableListCopyManualForeach significantly different from LinkedListCopyManualFor - Time;2.220446049250313E-16
ImmutableListCopyManualForeach significantly different from LinkedListCopyManualFor - Package;2.220446049250313E-16
ImmutableListCopyManualForeach significantly different from LinkedListCopyManualFor - DRAM;2.220446049250313E-16
ImmutableListCopyManualForeach significantly different from LinkedListCopyManualForeach - Time;2.220446049250313E-16
ImmutableListCopyManualForeach significantly different from LinkedListCopyManualForeach - Package;2.220446049250313E-16
ImmutableListCopyManualForeach significantly different from LinkedListCopyManualForeach - DRAM;2.220446049250313E-16
ImmutableListCopyManualForeach significantly different from ListCopyManualForeach - Time;2.220446049250313E-16
ImmutableListCopyManualForeach significantly different from ListCopyManualForeach - Package;2.220446049250313E-16
ImmutableListCopyManualForeach significantly different from ListCopyManualForeach - DRAM;2.220446049250313E-16
ImmutableListCopyManualForeach significantly different from ListCopyManualFor - Time;2.220446049250313E-16
ImmutableListCopyManualForeach significantly different from ListCopyManualFor - Package;2.220446049250313E-16
ImmutableListCopyManualForeach significantly different from ListCopyManualFor - DRAM;2.220446049250313E-16
ImmutableListCopyManualForeach significantly different from ListCopyPreAllocated - Time;2.220446049250313E-16
ImmutableListCopyManualForeach significantly different from ListCopyPreAllocated - Package;2.220446049250313E-16
ImmutableListCopyManualForeach significantly different from ListCopyPreAllocated - DRAM;2.220446049250313E-16
ImmutableListCopyManualForeach significantly different from ListCopyConstructor - Time;2.220446049250313E-16
ImmutableListCopyManualForeach significantly different from ListCopyConstructor - Package;2.220446049250313E-16
ImmutableListCopyManualForeach significantly different from ListCopyConstructor - DRAM;2.220446049250313E-16
ImmutableListCopyManualForeach significantly different from ListCopyGetRange - Time;2.220446049250313E-16
ImmutableListCopyManualForeach significantly different from ListCopyGetRange - Package;2.220446049250313E-16
ImmutableListCopyManualForeach significantly different from ListCopyGetRange - DRAM;2.220446049250313E-16
ImmutableListCopyManualForeach significantly different from ListCopyManualLinq - Time;2.220446049250313E-16
ImmutableListCopyManualForeach significantly different from ListCopyManualLinq - Package;2.220446049250313E-16
ImmutableListCopyManualForeach significantly different from ListCopyManualLinq - DRAM;2.220446049250313E-16
ImmutableListCopyManualFor significantly different from LinkedListCopyManualFor - Time;2.220446049250313E-16
ImmutableListCopyManualFor significantly different from LinkedListCopyManualFor - Package;2.220446049250313E-16
ImmutableListCopyManualFor significantly different from LinkedListCopyManualFor - DRAM;2.220446049250313E-16
ImmutableListCopyManualFor significantly different from LinkedListCopyManualForeach - Time;2.220446049250313E-16
ImmutableListCopyManualFor significantly different from LinkedListCopyManualForeach - Package;2.220446049250313E-16
ImmutableListCopyManualFor significantly different from LinkedListCopyManualForeach - DRAM;2.220446049250313E-16
ImmutableListCopyManualFor significantly different from ListCopyManualForeach - Time;2.220446049250313E-16
ImmutableListCopyManualFor significantly different from ListCopyManualForeach - Package;2.220446049250313E-16
ImmutableListCopyManualFor significantly different from ListCopyManualForeach - DRAM;2.220446049250313E-16
ImmutableListCopyManualFor significantly different from ListCopyManualFor - Time;2.220446049250313E-16
ImmutableListCopyManualFor significantly different from ListCopyManualFor - Package;2.220446049250313E-16
ImmutableListCopyManualFor significantly different from ListCopyManualFor - DRAM;2.220446049250313E-16
ImmutableListCopyManualFor significantly different from ListCopyPreAllocated - Time;2.220446049250313E-16
ImmutableListCopyManualFor significantly different from ListCopyPreAllocated - Package;2.220446049250313E-16
ImmutableListCopyManualFor significantly different from ListCopyPreAllocated - DRAM;2.220446049250313E-16
ImmutableListCopyManualFor significantly different from ListCopyConstructor - Time;2.220446049250313E-16
ImmutableListCopyManualFor significantly different from ListCopyConstructor - Package;2.220446049250313E-16
ImmutableListCopyManualFor significantly different from ListCopyConstructor - DRAM;2.220446049250313E-16
ImmutableListCopyManualFor significantly different from ListCopyGetRange - Time;2.220446049250313E-16
ImmutableListCopyManualFor significantly different from ListCopyGetRange - Package;2.220446049250313E-16
ImmutableListCopyManualFor significantly different from ListCopyGetRange - DRAM;2.220446049250313E-16
ImmutableListCopyManualFor significantly different from ListCopyManualLinq - Time;2.220446049250313E-16
ImmutableListCopyManualFor significantly different from ListCopyManualLinq - Package;2.220446049250313E-16
ImmutableListCopyManualFor significantly different from ListCopyManualLinq - DRAM;2.220446049250313E-16
LinkedListCopyManualFor significantly different from LinkedListCopyManualForeach - Time;2.220446049250313E-16
LinkedListCopyManualFor significantly different from LinkedListCopyManualForeach - Package;2.220446049250313E-16
LinkedListCopyManualFor significantly different from LinkedListCopyManualForeach - DRAM;2.220446049250313E-16
LinkedListCopyManualFor significantly different from ListCopyManualForeach - Time;2.220446049250313E-16
LinkedListCopyManualFor significantly different from ListCopyManualForeach - Package;2.220446049250313E-16
LinkedListCopyManualFor significantly different from ListCopyManualForeach - DRAM;2.220446049250313E-16
LinkedListCopyManualFor significantly different from ListCopyManualFor - Time;2.220446049250313E-16
LinkedListCopyManualFor significantly different from ListCopyManualFor - Package;2.220446049250313E-16
LinkedListCopyManualFor significantly different from ListCopyManualFor - DRAM;2.220446049250313E-16
LinkedListCopyManualFor significantly different from ListCopyPreAllocated - Time;2.220446049250313E-16
LinkedListCopyManualFor significantly different from ListCopyPreAllocated - Package;2.220446049250313E-16
LinkedListCopyManualFor significantly different from ListCopyPreAllocated - DRAM;2.220446049250313E-16
LinkedListCopyManualFor significantly different from ListCopyConstructor - Time;2.220446049250313E-16
LinkedListCopyManualFor significantly different from ListCopyConstructor - Package;2.220446049250313E-16
LinkedListCopyManualFor significantly different from ListCopyConstructor - DRAM;2.220446049250313E-16
LinkedListCopyManualFor significantly different from ListCopyGetRange - Time;2.220446049250313E-16
LinkedListCopyManualFor significantly different from ListCopyGetRange - Package;2.220446049250313E-16
LinkedListCopyManualFor significantly different from ListCopyGetRange - DRAM;2.220446049250313E-16
LinkedListCopyManualFor significantly different from ListCopyManualLinq - Time;2.220446049250313E-16
LinkedListCopyManualFor significantly different from ListCopyManualLinq - Package;2.220446049250313E-16
LinkedListCopyManualFor significantly different from ListCopyManualLinq - DRAM;2.220446049250313E-16
LinkedListCopyManualForeach significantly different from ListCopyManualForeach - Time;2.220446049250313E-16
LinkedListCopyManualForeach significantly different from ListCopyManualForeach - Package;2.220446049250313E-16
LinkedListCopyManualForeach significantly different from ListCopyManualForeach - DRAM;2.220446049250313E-16
LinkedListCopyManualForeach significantly different from ListCopyManualFor - Time;2.220446049250313E-16
LinkedListCopyManualForeach significantly different from ListCopyManualFor - Package;2.220446049250313E-16
LinkedListCopyManualForeach significantly different from ListCopyManualFor - DRAM;2.220446049250313E-16
LinkedListCopyManualForeach significantly different from ListCopyPreAllocated - Time;2.220446049250313E-16
LinkedListCopyManualForeach significantly different from ListCopyPreAllocated - Package;2.220446049250313E-16
LinkedListCopyManualForeach significantly different from ListCopyPreAllocated - DRAM;2.220446049250313E-16
LinkedListCopyManualForeach significantly different from ListCopyConstructor - Time;2.220446049250313E-16
LinkedListCopyManualForeach significantly different from ListCopyConstructor - Package;2.220446049250313E-16
LinkedListCopyManualForeach significantly different from ListCopyConstructor - DRAM;2.220446049250313E-16
LinkedListCopyManualForeach significantly different from ListCopyGetRange - Time;2.220446049250313E-16
LinkedListCopyManualForeach significantly different from ListCopyGetRange - Package;2.220446049250313E-16
LinkedListCopyManualForeach significantly different from ListCopyGetRange - DRAM;2.220446049250313E-16
LinkedListCopyManualForeach significantly different from ListCopyManualLinq - Time;2.220446049250313E-16
LinkedListCopyManualForeach significantly different from ListCopyManualLinq - Package;2.220446049250313E-16
LinkedListCopyManualForeach significantly different from ListCopyManualLinq - DRAM;2.220446049250313E-16
ListCopyManualForeach significantly different from ListCopyManualFor - Time;3.177446802338224E-06
ListCopyManualForeach significantly different from ListCopyManualFor - Package;1.6769070576572176E-08
ListCopyManualForeach significantly different from ListCopyManualFor - DRAM;4.890262647716526E-06
ListCopyManualForeach significantly different from ListCopyPreAllocated - Time;2.220446049250313E-16
ListCopyManualForeach significantly different from ListCopyPreAllocated - Package;2.220446049250313E-16
ListCopyManualForeach significantly different from ListCopyPreAllocated - DRAM;2.220446049250313E-16
ListCopyManualForeach significantly different from ListCopyConstructor - Time;2.220446049250313E-16
ListCopyManualForeach significantly different from ListCopyConstructor - Package;2.220446049250313E-16
ListCopyManualForeach significantly different from ListCopyConstructor - DRAM;2.220446049250313E-16
ListCopyManualForeach significantly different from ListCopyGetRange - Time;2.220446049250313E-16
ListCopyManualForeach significantly different from ListCopyGetRange - Package;2.220446049250313E-16
ListCopyManualForeach significantly different from ListCopyGetRange - DRAM;2.220446049250313E-16
ListCopyManualForeach significantly different from ListCopyManualLinq - Time;2.220446049250313E-16
ListCopyManualForeach significantly different from ListCopyManualLinq - Package;2.220446049250313E-16
ListCopyManualForeach significantly different from ListCopyManualLinq - DRAM;2.220446049250313E-16
ListCopyManualFor significantly different from ListCopyPreAllocated - Time;2.220446049250313E-16
ListCopyManualFor significantly different from ListCopyPreAllocated - Package;2.220446049250313E-16
ListCopyManualFor significantly different from ListCopyPreAllocated - DRAM;2.220446049250313E-16
ListCopyManualFor significantly different from ListCopyConstructor - Time;2.220446049250313E-16
ListCopyManualFor significantly different from ListCopyConstructor - Package;2.220446049250313E-16
ListCopyManualFor significantly different from ListCopyConstructor - DRAM;2.220446049250313E-16
ListCopyManualFor significantly different from ListCopyGetRange - Time;2.220446049250313E-16
ListCopyManualFor significantly different from ListCopyGetRange - Package;2.220446049250313E-16
ListCopyManualFor significantly different from ListCopyGetRange - DRAM;2.220446049250313E-16
ListCopyManualFor significantly different from ListCopyManualLinq - Time;2.220446049250313E-16
ListCopyManualFor significantly different from ListCopyManualLinq - Package;2.220446049250313E-16
ListCopyManualFor significantly different from ListCopyManualLinq - DRAM;2.220446049250313E-16
ListCopyPreAllocated significantly different from ListCopyConstructor - Time;2.220446049250313E-16
ListCopyPreAllocated significantly different from ListCopyConstructor - Package;2.220446049250313E-16
ListCopyPreAllocated significantly different from ListCopyConstructor - DRAM;2.220446049250313E-16
ListCopyPreAllocated significantly different from ListCopyGetRange - Time;2.220446049250313E-16
ListCopyPreAllocated significantly different from ListCopyGetRange - Package;2.220446049250313E-16
ListCopyPreAllocated significantly different from ListCopyGetRange - DRAM;2.220446049250313E-16
ListCopyPreAllocated significantly different from ListCopyManualLinq - Time;2.220446049250313E-16
ListCopyPreAllocated significantly different from ListCopyManualLinq - Package;2.220446049250313E-16
ListCopyPreAllocated significantly different from ListCopyManualLinq - DRAM;2.220446049250313E-16
ListCopyConstructor significantly different from ListCopyGetRange - Time;0.00017373178730251126
ListCopyConstructor significantly different from ListCopyGetRange - Package;2.220446049250313E-16
ListCopyConstructor significantly different from ListCopyGetRange - DRAM;0.000177326046232551
ListCopyConstructor significantly different from ListCopyManualLinq - Time;0.48383911136329094
ListCopyConstructor significantly different from ListCopyManualLinq - Package;0.0051558903126185385
ListCopyConstructor significantly different from ListCopyManualLinq - DRAM;0.18288768586102888
ListCopyGetRange significantly different from ListCopyManualLinq - Time;0.0021454973433210345
ListCopyGetRange significantly different from ListCopyManualLinq - Package;9.414691248821327E-14
ListCopyGetRange significantly different from ListCopyManualLinq - DRAM;0.014153493687346863
