Key;Value
PropertyGet significantly different from PropertyWithBackingFieldGet - Time;0.3362657632616517
PropertyGet significantly different from PropertyWithBackingFieldGet - Package;0.5339901114125527
PropertyGet significantly different from PropertyWithBackingFieldGet - DRAM;0.6056508318969871
PropertyGet significantly different from GetterSetterGet - Time;0.702608647864627
PropertyGet significantly different from GetterSetterGet - Package;0.0017186865892588887
PropertyGet significantly different from GetterSetterGet - DRAM;0.8676724219557976
PropertyGet significantly different from FieldGet - Time;0.15024681138117169
PropertyGet significantly different from FieldGet - Package;0.05776811532406345
PropertyGet significantly different from FieldGet - DRAM;0.3382487827340248
PropertyWithBackingFieldGet significantly different from GetterSetterGet - Time;0.3034101984894759
PropertyWithBackingFieldGet significantly different from GetterSetterGet - Package;0.003486477956207823
PropertyWithBackingFieldGet significantly different from GetterSetterGet - DRAM;0.8268991052817989
PropertyWithBackingFieldGet significantly different from FieldGet - Time;0.9415601944526748
PropertyWithBackingFieldGet significantly different from FieldGet - Package;0.01938553264497367
PropertyWithBackingFieldGet significantly different from FieldGet - DRAM;0.733295023130982
GetterSetterGet significantly different from FieldGet - Time;0.6271055759380426
GetterSetterGet significantly different from FieldGet - Package;0.0014562107924125378
GetterSetterGet significantly different from FieldGet - DRAM;0.6804279367366508
