Key;Value
DoWhile significantly different from While - Time;0.0030629440441958256
DoWhile significantly different from While - Package;0.17069175559974337
DoWhile significantly different from While - DRAM;0.38576952790512187
DoWhile significantly different from For - Time;0.4648958073320053
DoWhile significantly different from For - Package;0.0008313131218342651
DoWhile significantly different from For - DRAM;0.5268148349473227
DoWhile significantly different from ForEach - Time;2.220446049250313E-16
DoWhile significantly different from ForEach - Package;2.220446049250313E-16
DoWhile significantly different from ForEach - DRAM;2.220446049250313E-16
DoWhile significantly different from ForCompatibleWithForeach - Time;2.220446049250313E-16
DoWhile significantly different from ForCompatibleWithForeach - Package;2.220446049250313E-16
DoWhile significantly different from ForCompatibleWithForeach - DRAM;2.220446049250313E-16
DoWhile significantly different from ForEachWithArray - Time;2.220446049250313E-16
DoWhile significantly different from ForEachWithArray - Package;2.220446049250313E-16
DoWhile significantly different from ForEachWithArray - DRAM;2.220446049250313E-16
DoWhile significantly different from GotoDoWhile - Time;0.6651508883673483
DoWhile significantly different from GotoDoWhile - Package;0.29836920247206145
DoWhile significantly different from GotoDoWhile - DRAM;0.35911121062959084
DoWhile significantly different from GotoWhile - Time;0.0181115960663345
DoWhile significantly different from GotoWhile - Package;0.00014897464511776093
DoWhile significantly different from GotoWhile - DRAM;0.8328478604710154
While significantly different from For - Time;0.3731082151266336
While significantly different from For - Package;0.02235556244527981
While significantly different from For - DRAM;0.7552967796659988
While significantly different from ForEach - Time;2.220446049250313E-16
While significantly different from ForEach - Package;2.220446049250313E-16
While significantly different from ForEach - DRAM;2.220446049250313E-16
While significantly different from ForCompatibleWithForeach - Time;2.220446049250313E-16
While significantly different from ForCompatibleWithForeach - Package;2.220446049250313E-16
While significantly different from ForCompatibleWithForeach - DRAM;2.220446049250313E-16
While significantly different from ForEachWithArray - Time;2.220446049250313E-16
While significantly different from ForEachWithArray - Package;2.220446049250313E-16
While significantly different from ForEachWithArray - DRAM;2.220446049250313E-16
While significantly different from GotoDoWhile - Time;0.12859094630315693
While significantly different from GotoDoWhile - Package;0.9242799792478524
While significantly different from GotoDoWhile - DRAM;0.9285874620395393
While significantly different from GotoWhile - Time;0.9511256094235341
While significantly different from GotoWhile - Package;2.295287705234017E-05
While significantly different from GotoWhile - DRAM;0.3251479322810442
For significantly different from ForEach - Time;2.220446049250313E-16
For significantly different from ForEach - Package;2.220446049250313E-16
For significantly different from ForEach - DRAM;2.220446049250313E-16
For significantly different from ForCompatibleWithForeach - Time;2.220446049250313E-16
For significantly different from ForCompatibleWithForeach - Package;2.220446049250313E-16
For significantly different from ForCompatibleWithForeach - DRAM;2.220446049250313E-16
For significantly different from ForEachWithArray - Time;2.220446049250313E-16
For significantly different from ForEachWithArray - Package;2.220446049250313E-16
For significantly different from ForEachWithArray - DRAM;2.220446049250313E-16
For significantly different from GotoDoWhile - Time;0.4434897875255204
For significantly different from GotoDoWhile - Package;0.11413434614281592
For significantly different from GotoDoWhile - DRAM;0.6942942641739283
For significantly different from GotoWhile - Time;0.152600169885442
For significantly different from GotoWhile - Package;6.435537269755542E-07
For significantly different from GotoWhile - DRAM;0.5442035424982943
ForEach significantly different from ForCompatibleWithForeach - Time;2.220446049250313E-16
ForEach significantly different from ForCompatibleWithForeach - Package;2.220446049250313E-16
ForEach significantly different from ForCompatibleWithForeach - DRAM;2.220446049250313E-16
ForEach significantly different from ForEachWithArray - Time;2.220446049250313E-16
ForEach significantly different from ForEachWithArray - Package;2.220446049250313E-16
ForEach significantly different from ForEachWithArray - DRAM;2.220446049250313E-16
ForEach significantly different from GotoDoWhile - Time;2.220446049250313E-16
ForEach significantly different from GotoDoWhile - Package;2.220446049250313E-16
ForEach significantly different from GotoDoWhile - DRAM;2.220446049250313E-16
ForEach significantly different from GotoWhile - Time;2.220446049250313E-16
ForEach significantly different from GotoWhile - Package;2.220446049250313E-16
ForEach significantly different from GotoWhile - DRAM;2.220446049250313E-16
ForCompatibleWithForeach significantly different from ForEachWithArray - Time;2.220446049250313E-16
ForCompatibleWithForeach significantly different from ForEachWithArray - Package;2.6419311183190075E-11
ForCompatibleWithForeach significantly different from ForEachWithArray - DRAM;5.1736392947532295E-14
ForCompatibleWithForeach significantly different from GotoDoWhile - Time;2.220446049250313E-16
ForCompatibleWithForeach significantly different from GotoDoWhile - Package;2.220446049250313E-16
ForCompatibleWithForeach significantly different from GotoDoWhile - DRAM;2.220446049250313E-16
ForCompatibleWithForeach significantly different from GotoWhile - Time;2.220446049250313E-16
ForCompatibleWithForeach significantly different from GotoWhile - Package;2.220446049250313E-16
ForCompatibleWithForeach significantly different from GotoWhile - DRAM;2.220446049250313E-16
ForEachWithArray significantly different from GotoDoWhile - Time;2.220446049250313E-16
ForEachWithArray significantly different from GotoDoWhile - Package;2.220446049250313E-16
ForEachWithArray significantly different from GotoDoWhile - DRAM;2.220446049250313E-16
ForEachWithArray significantly different from GotoWhile - Time;2.220446049250313E-16
ForEachWithArray significantly different from GotoWhile - Package;2.220446049250313E-16
ForEachWithArray significantly different from GotoWhile - DRAM;2.220446049250313E-16
GotoDoWhile significantly different from GotoWhile - Time;0.10515777536468263
GotoDoWhile significantly different from GotoWhile - Package;3.801935626279729E-05
GotoDoWhile significantly different from GotoWhile - DRAM;0.27980589319870375
