Key;Value
ArrayListRemoval significantly different from ImmutableArrayRemoval - Time;2.220446049250313E-16
ArrayListRemoval significantly different from ImmutableArrayRemoval - Package;2.220446049250313E-16
ArrayListRemoval significantly different from ImmutableArrayRemoval - DRAM;2.220446049250313E-16
ArrayListRemoval significantly different from ImmutableListRemoval - Time;2.220446049250313E-16
ArrayListRemoval significantly different from ImmutableListRemoval - Package;2.220446049250313E-16
ArrayListRemoval significantly different from ImmutableListRemoval - DRAM;2.220446049250313E-16
ArrayListRemoval significantly different from LinkedListRemoval - Time;2.220446049250313E-16
ArrayListRemoval significantly different from LinkedListRemoval - Package;2.220446049250313E-16
ArrayListRemoval significantly different from LinkedListRemoval - DRAM;2.220446049250313E-16
ArrayListRemoval significantly different from ListRemoval - Time;2.220446049250313E-16
ArrayListRemoval significantly different from ListRemoval - Package;2.220446049250313E-16
ArrayListRemoval significantly different from ListRemoval - DRAM;2.220446049250313E-16
ImmutableArrayRemoval significantly different from ImmutableListRemoval - Time;2.220446049250313E-16
ImmutableArrayRemoval significantly different from ImmutableListRemoval - Package;2.220446049250313E-16
ImmutableArrayRemoval significantly different from ImmutableListRemoval - DRAM;2.220446049250313E-16
ImmutableArrayRemoval significantly different from LinkedListRemoval - Time;2.220446049250313E-16
ImmutableArrayRemoval significantly different from LinkedListRemoval - Package;2.220446049250313E-16
ImmutableArrayRemoval significantly different from LinkedListRemoval - DRAM;2.220446049250313E-16
ImmutableArrayRemoval significantly different from ListRemoval - Time;2.220446049250313E-16
ImmutableArrayRemoval significantly different from ListRemoval - Package;2.220446049250313E-16
ImmutableArrayRemoval significantly different from ListRemoval - DRAM;2.220446049250313E-16
ImmutableListRemoval significantly different from LinkedListRemoval - Time;2.220446049250313E-16
ImmutableListRemoval significantly different from LinkedListRemoval - Package;2.220446049250313E-16
ImmutableListRemoval significantly different from LinkedListRemoval - DRAM;2.220446049250313E-16
ImmutableListRemoval significantly different from ListRemoval - Time;2.220446049250313E-16
ImmutableListRemoval significantly different from ListRemoval - Package;2.220446049250313E-16
ImmutableListRemoval significantly different from ListRemoval - DRAM;2.220446049250313E-16
LinkedListRemoval significantly different from ListRemoval - Time;2.220446049250313E-16
LinkedListRemoval significantly different from ListRemoval - Package;2.220446049250313E-16
LinkedListRemoval significantly different from ListRemoval - DRAM;2.220446049250313E-16
