Key;Value
HashSetRemoval significantly different from ImmutableHashSetRemoval - Time;2.220446049250313E-16
HashSetRemoval significantly different from ImmutableHashSetRemoval - Package;2.220446049250313E-16
HashSetRemoval significantly different from ImmutableHashSetRemoval - DRAM;2.220446049250313E-16
HashSetRemoval significantly different from ImmutableSortedSetRemoval - Time;2.220446049250313E-16
HashSetRemoval significantly different from ImmutableSortedSetRemoval - Package;2.220446049250313E-16
HashSetRemoval significantly different from ImmutableSortedSetRemoval - DRAM;2.220446049250313E-16
HashSetRemoval significantly different from SortedSetRemoval - Time;2.220446049250313E-16
HashSetRemoval significantly different from SortedSetRemoval - Package;2.220446049250313E-16
HashSetRemoval significantly different from SortedSetRemoval - DRAM;2.220446049250313E-16
ImmutableHashSetRemoval significantly different from ImmutableSortedSetRemoval - Time;2.220446049250313E-16
ImmutableHashSetRemoval significantly different from ImmutableSortedSetRemoval - Package;2.220446049250313E-16
ImmutableHashSetRemoval significantly different from ImmutableSortedSetRemoval - DRAM;2.220446049250313E-16
ImmutableHashSetRemoval significantly different from SortedSetRemoval - Time;2.220446049250313E-16
ImmutableHashSetRemoval significantly different from SortedSetRemoval - Package;2.220446049250313E-16
ImmutableHashSetRemoval significantly different from SortedSetRemoval - DRAM;2.220446049250313E-16
ImmutableSortedSetRemoval significantly different from SortedSetRemoval - Time;2.220446049250313E-16
ImmutableSortedSetRemoval significantly different from SortedSetRemoval - Package;2.220446049250313E-16
ImmutableSortedSetRemoval significantly different from SortedSetRemoval - DRAM;2.220446049250313E-16
