Key;Value
ArrayListInsertion significantly different from ImmutableArrayInsertion - Time;2.220446049250313E-16
ArrayListInsertion significantly different from ImmutableArrayInsertion - Package;2.220446049250313E-16
ArrayListInsertion significantly different from ImmutableArrayInsertion - DRAM;2.220446049250313E-16
ArrayListInsertion significantly different from ImmutableListInsertion - Time;2.220446049250313E-16
ArrayListInsertion significantly different from ImmutableListInsertion - Package;2.220446049250313E-16
ArrayListInsertion significantly different from ImmutableListInsertion - DRAM;2.220446049250313E-16
ArrayListInsertion significantly different from LinkedListInsertionLast - Time;2.220446049250313E-16
ArrayListInsertion significantly different from LinkedListInsertionLast - Package;2.220446049250313E-16
ArrayListInsertion significantly different from LinkedListInsertionLast - DRAM;2.220446049250313E-16
ArrayListInsertion significantly different from LinkedListInsertionFirst - Time;2.220446049250313E-16
ArrayListInsertion significantly different from LinkedListInsertionFirst - Package;2.220446049250313E-16
ArrayListInsertion significantly different from LinkedListInsertionFirst - DRAM;2.220446049250313E-16
ArrayListInsertion significantly different from ListInsertion - Time;2.220446049250313E-16
ArrayListInsertion significantly different from ListInsertion - Package;2.220446049250313E-16
ArrayListInsertion significantly different from ListInsertion - DRAM;2.220446049250313E-16
ImmutableArrayInsertion significantly different from ImmutableListInsertion - Time;2.220446049250313E-16
ImmutableArrayInsertion significantly different from ImmutableListInsertion - Package;2.220446049250313E-16
ImmutableArrayInsertion significantly different from ImmutableListInsertion - DRAM;2.220446049250313E-16
ImmutableArrayInsertion significantly different from LinkedListInsertionLast - Time;2.220446049250313E-16
ImmutableArrayInsertion significantly different from LinkedListInsertionLast - Package;2.220446049250313E-16
ImmutableArrayInsertion significantly different from LinkedListInsertionLast - DRAM;2.220446049250313E-16
ImmutableArrayInsertion significantly different from LinkedListInsertionFirst - Time;2.220446049250313E-16
ImmutableArrayInsertion significantly different from LinkedListInsertionFirst - Package;2.220446049250313E-16
ImmutableArrayInsertion significantly different from LinkedListInsertionFirst - DRAM;2.220446049250313E-16
ImmutableArrayInsertion significantly different from ListInsertion - Time;2.220446049250313E-16
ImmutableArrayInsertion significantly different from ListInsertion - Package;2.220446049250313E-16
ImmutableArrayInsertion significantly different from ListInsertion - DRAM;2.220446049250313E-16
ImmutableListInsertion significantly different from LinkedListInsertionLast - Time;2.220446049250313E-16
ImmutableListInsertion significantly different from LinkedListInsertionLast - Package;2.220446049250313E-16
ImmutableListInsertion significantly different from LinkedListInsertionLast - DRAM;2.220446049250313E-16
ImmutableListInsertion significantly different from LinkedListInsertionFirst - Time;2.220446049250313E-16
ImmutableListInsertion significantly different from LinkedListInsertionFirst - Package;2.220446049250313E-16
ImmutableListInsertion significantly different from LinkedListInsertionFirst - DRAM;2.220446049250313E-16
ImmutableListInsertion significantly different from ListInsertion - Time;2.220446049250313E-16
ImmutableListInsertion significantly different from ListInsertion - Package;2.220446049250313E-16
ImmutableListInsertion significantly different from ListInsertion - DRAM;2.220446049250313E-16
LinkedListInsertionLast significantly different from LinkedListInsertionFirst - Time;2.220446049250313E-16
LinkedListInsertionLast significantly different from LinkedListInsertionFirst - Package;3.530509218307998E-14
LinkedListInsertionLast significantly different from LinkedListInsertionFirst - DRAM;2.220446049250313E-16
LinkedListInsertionLast significantly different from ListInsertion - Time;2.220446049250313E-16
LinkedListInsertionLast significantly different from ListInsertion - Package;2.220446049250313E-16
LinkedListInsertionLast significantly different from ListInsertion - DRAM;2.220446049250313E-16
LinkedListInsertionFirst significantly different from ListInsertion - Time;2.220446049250313E-16
LinkedListInsertionFirst significantly different from ListInsertion - Package;2.220446049250313E-16
LinkedListInsertionFirst significantly different from ListInsertion - DRAM;2.220446049250313E-16
