Key;Value
Multiply significantly different from Const - Time;0.0938252522029237
Multiply significantly different from Const - Package;0.3751434134774412
Multiply significantly different from Const - DRAM;0.05575085357947529
Multiply significantly different from MultiplyAssign - Time;2.220446049250313E-16
Multiply significantly different from MultiplyAssign - Package;2.220446049250313E-16
Multiply significantly different from MultiplyAssign - DRAM;2.220446049250313E-16
Multiply significantly different from Assign - Time;2.220446049250313E-16
Multiply significantly different from Assign - Package;2.220446049250313E-16
Multiply significantly different from Assign - DRAM;2.220446049250313E-16
Const significantly different from MultiplyAssign - Time;2.220446049250313E-16
Const significantly different from MultiplyAssign - Package;2.220446049250313E-16
Const significantly different from MultiplyAssign - DRAM;2.220446049250313E-16
Const significantly different from Assign - Time;2.220446049250313E-16
Const significantly different from Assign - Package;2.220446049250313E-16
Const significantly different from Assign - DRAM;2.220446049250313E-16
MultiplyAssign significantly different from Assign - Time;0.005270542651748755
MultiplyAssign significantly different from Assign - Package;0.009600412787423851
MultiplyAssign significantly different from Assign - DRAM;0.46327142343347916
