Key;Value
GenericAddInt significantly different from NonGenericCastInt - Time;2.220446049250313E-16
GenericAddInt significantly different from NonGenericCastInt - Package;2.220446049250313E-16
GenericAddInt significantly different from NonGenericCastInt - DRAM;2.220446049250313E-16
GenericAddInt significantly different from NonGenericInt - Time;0.6264773016380882
GenericAddInt significantly different from NonGenericInt - Package;0.00019308736772538637
GenericAddInt significantly different from NonGenericInt - DRAM;0.7692676611413645
GenericAddInt significantly different from GenericAddLong - Time;0.6760239803725274
GenericAddInt significantly different from GenericAddLong - Package;0.004972423778451862
GenericAddInt significantly different from GenericAddLong - DRAM;0.8624029598323637
GenericAddInt significantly different from NonGenericCastLong - Time;1.3427969847157328E-10
GenericAddInt significantly different from NonGenericCastLong - Package;2.220446049250313E-16
GenericAddInt significantly different from NonGenericCastLong - DRAM;1.6716947826012074E-09
NonGenericCastInt significantly different from NonGenericInt - Time;2.220446049250313E-16
NonGenericCastInt significantly different from NonGenericInt - Package;2.220446049250313E-16
NonGenericCastInt significantly different from NonGenericInt - DRAM;2.220446049250313E-16
NonGenericCastInt significantly different from GenericAddLong - Time;2.220446049250313E-16
NonGenericCastInt significantly different from GenericAddLong - Package;2.220446049250313E-16
NonGenericCastInt significantly different from GenericAddLong - DRAM;2.220446049250313E-16
NonGenericCastInt significantly different from NonGenericCastLong - Time;2.220446049250313E-16
NonGenericCastInt significantly different from NonGenericCastLong - Package;2.220446049250313E-16
NonGenericCastInt significantly different from NonGenericCastLong - DRAM;2.220446049250313E-16
NonGenericInt significantly different from GenericAddLong - Time;0.7905678978977972
NonGenericInt significantly different from GenericAddLong - Package;0.032873450144087935
NonGenericInt significantly different from GenericAddLong - DRAM;0.719394858138386
NonGenericInt significantly different from NonGenericCastLong - Time;2.220446049250313E-16
NonGenericInt significantly different from NonGenericCastLong - Package;2.220446049250313E-16
NonGenericInt significantly different from NonGenericCastLong - DRAM;2.220446049250313E-16
GenericAddLong significantly different from NonGenericCastLong - Time;2.220446049250313E-16
GenericAddLong significantly different from NonGenericCastLong - Package;2.220446049250313E-16
GenericAddLong significantly different from NonGenericCastLong - DRAM;2.220446049250313E-16
