Key;Value
NoInheritance significantly different from Inheritance - Time;2.220446049250313E-16
NoInheritance significantly different from Inheritance - Package;1.5543122344752192E-15
NoInheritance significantly different from Inheritance - DRAM;2.220446049250313E-16
NoInheritance significantly different from Abstract - Time;2.220446049250313E-16
NoInheritance significantly different from Abstract - Package;2.220446049250313E-16
NoInheritance significantly different from Abstract - DRAM;2.220446049250313E-16
NoInheritance significantly different from Interface - Time;2.220446049250313E-16
NoInheritance significantly different from Interface - Package;1.5620837956475953E-12
NoInheritance significantly different from Interface - DRAM;2.220446049250313E-16
NoInheritance significantly different from InheritanceVirtual - Time;2.220446049250313E-16
NoInheritance significantly different from InheritanceVirtual - Package;2.220446049250313E-16
NoInheritance significantly different from InheritanceVirtual - DRAM;2.220446049250313E-16
NoInheritance significantly different from InheritanceVirtualOverride - Time;2.220446049250313E-16
NoInheritance significantly different from InheritanceVirtualOverride - Package;2.0317081350640365E-13
NoInheritance significantly different from InheritanceVirtualOverride - DRAM;2.220446049250313E-16
Inheritance significantly different from Abstract - Time;0.6108180203972573
Inheritance significantly different from Abstract - Package;0.0006093740305457285
Inheritance significantly different from Abstract - DRAM;0.7926340880371945
Inheritance significantly different from Interface - Time;0.30995905911467325
Inheritance significantly different from Interface - Package;2.243084162856235E-09
Inheritance significantly different from Interface - DRAM;0.6135917851128576
Inheritance significantly different from InheritanceVirtual - Time;2.220446049250313E-16
Inheritance significantly different from InheritanceVirtual - Package;2.220446049250313E-16
Inheritance significantly different from InheritanceVirtual - DRAM;2.220446049250313E-16
Inheritance significantly different from InheritanceVirtualOverride - Time;0.044762304394696084
Inheritance significantly different from InheritanceVirtualOverride - Package;2.3290361794714443E-07
Inheritance significantly different from InheritanceVirtualOverride - DRAM;0.8061491766004134
Abstract significantly different from Interface - Time;0.140377531244388
Abstract significantly different from Interface - Package;5.573073114106819E-10
Abstract significantly different from Interface - DRAM;0.8197931178013356
Abstract significantly different from InheritanceVirtual - Time;2.220446049250313E-16
Abstract significantly different from InheritanceVirtual - Package;2.220446049250313E-16
Abstract significantly different from InheritanceVirtual - DRAM;2.220446049250313E-16
Abstract significantly different from InheritanceVirtualOverride - Time;0.012513059275317984
Abstract significantly different from InheritanceVirtualOverride - Package;2.8070421034254167E-06
Abstract significantly different from InheritanceVirtualOverride - DRAM;0.590731276493877
Interface significantly different from InheritanceVirtual - Time;2.220446049250313E-16
Interface significantly different from InheritanceVirtual - Package;2.220446049250313E-16
Interface significantly different from InheritanceVirtual - DRAM;2.220446049250313E-16
Interface significantly different from InheritanceVirtualOverride - Time;0.4252952983202991
Interface significantly different from InheritanceVirtualOverride - Package;0.0035405901902709758
Interface significantly different from InheritanceVirtualOverride - DRAM;0.40913285852592773
InheritanceVirtual significantly different from InheritanceVirtualOverride - Time;2.220446049250313E-16
InheritanceVirtual significantly different from InheritanceVirtualOverride - Package;2.220446049250313E-16
InheritanceVirtual significantly different from InheritanceVirtualOverride - DRAM;2.220446049250313E-16
