Key;Value
FieldGet significantly different from ConstFieldGet - Time;2.220446049250313E-16
FieldGet significantly different from ConstFieldGet - Package;2.220446049250313E-16
FieldGet significantly different from ConstFieldGet - DRAM;2.220446049250313E-16
FieldGet significantly different from ReadonlyFieldGet - Time;0.6133565976213209
FieldGet significantly different from ReadonlyFieldGet - Package;0.31315017090702124
FieldGet significantly different from ReadonlyFieldGet - DRAM;0.5966903998752602
FieldGet significantly different from PropertyGet - Time;0.5558840523297683
FieldGet significantly different from PropertyGet - Package;2.220446049250313E-16
FieldGet significantly different from PropertyGet - DRAM;0.5865586429412404
FieldGet significantly different from InitPropertyGet - Time;0.45834230722567826
FieldGet significantly different from InitPropertyGet - Package;2.220446049250313E-16
FieldGet significantly different from InitPropertyGet - DRAM;0.3609630870541507
FieldGet significantly different from GetOnlyPropertyGet - Time;0.5995437013364087
FieldGet significantly different from GetOnlyPropertyGet - Package;2.220446049250313E-16
FieldGet significantly different from GetOnlyPropertyGet - DRAM;0.4918291164276327
FieldGet significantly different from ComputePropertyGet - Time;2.220446049250313E-16
FieldGet significantly different from ComputePropertyGet - Package;2.220446049250313E-16
FieldGet significantly different from ComputePropertyGet - DRAM;2.220446049250313E-16
ConstFieldGet significantly different from ReadonlyFieldGet - Time;2.220446049250313E-16
ConstFieldGet significantly different from ReadonlyFieldGet - Package;2.220446049250313E-16
ConstFieldGet significantly different from ReadonlyFieldGet - DRAM;2.220446049250313E-16
ConstFieldGet significantly different from PropertyGet - Time;2.220446049250313E-16
ConstFieldGet significantly different from PropertyGet - Package;2.220446049250313E-16
ConstFieldGet significantly different from PropertyGet - DRAM;2.220446049250313E-16
ConstFieldGet significantly different from InitPropertyGet - Time;2.220446049250313E-16
ConstFieldGet significantly different from InitPropertyGet - Package;2.220446049250313E-16
ConstFieldGet significantly different from InitPropertyGet - DRAM;2.220446049250313E-16
ConstFieldGet significantly different from GetOnlyPropertyGet - Time;2.220446049250313E-16
ConstFieldGet significantly different from GetOnlyPropertyGet - Package;2.220446049250313E-16
ConstFieldGet significantly different from GetOnlyPropertyGet - DRAM;2.220446049250313E-16
ConstFieldGet significantly different from ComputePropertyGet - Time;0.5979440987126032
ConstFieldGet significantly different from ComputePropertyGet - Package;0.005541278384611825
ConstFieldGet significantly different from ComputePropertyGet - DRAM;0.674606445974036
ReadonlyFieldGet significantly different from PropertyGet - Time;0.7234786965903697
ReadonlyFieldGet significantly different from PropertyGet - Package;2.220446049250313E-16
ReadonlyFieldGet significantly different from PropertyGet - DRAM;0.9283261499316255
ReadonlyFieldGet significantly different from InitPropertyGet - Time;0.7967025598530078
ReadonlyFieldGet significantly different from InitPropertyGet - Package;3.3293368062459194E-12
ReadonlyFieldGet significantly different from InitPropertyGet - DRAM;0.8860226075926776
ReadonlyFieldGet significantly different from GetOnlyPropertyGet - Time;0.8072022108037775
ReadonlyFieldGet significantly different from GetOnlyPropertyGet - Package;2.220446049250313E-16
ReadonlyFieldGet significantly different from GetOnlyPropertyGet - DRAM;0.7034462078719044
ReadonlyFieldGet significantly different from ComputePropertyGet - Time;2.220446049250313E-16
ReadonlyFieldGet significantly different from ComputePropertyGet - Package;2.220446049250313E-16
ReadonlyFieldGet significantly different from ComputePropertyGet - DRAM;2.220446049250313E-16
PropertyGet significantly different from InitPropertyGet - Time;0.7371910044667345
PropertyGet significantly different from InitPropertyGet - Package;1.980285436298246E-06
PropertyGet significantly different from InitPropertyGet - DRAM;0.9260897654646576
PropertyGet significantly different from GetOnlyPropertyGet - Time;0.9155992159701372
PropertyGet significantly different from GetOnlyPropertyGet - Package;0.47660242473170245
PropertyGet significantly different from GetOnlyPropertyGet - DRAM;0.6381404306102771
PropertyGet significantly different from ComputePropertyGet - Time;2.220446049250313E-16
PropertyGet significantly different from ComputePropertyGet - Package;2.220446049250313E-16
PropertyGet significantly different from ComputePropertyGet - DRAM;2.220446049250313E-16
InitPropertyGet significantly different from GetOnlyPropertyGet - Time;0.770399267898068
InitPropertyGet significantly different from GetOnlyPropertyGet - Package;3.244604962926445E-06
InitPropertyGet significantly different from GetOnlyPropertyGet - DRAM;0.6789099423011524
InitPropertyGet significantly different from ComputePropertyGet - Time;2.220446049250313E-16
InitPropertyGet significantly different from ComputePropertyGet - Package;2.220446049250313E-16
InitPropertyGet significantly different from ComputePropertyGet - DRAM;2.220446049250313E-16
GetOnlyPropertyGet significantly different from ComputePropertyGet - Time;2.220446049250313E-16
GetOnlyPropertyGet significantly different from ComputePropertyGet - Package;2.220446049250313E-16
GetOnlyPropertyGet significantly different from ComputePropertyGet - DRAM;2.220446049250313E-16
