Key;Value
Modulo significantly different from Const - Time;0.3240164980031528
Modulo significantly different from Const - Package;1.2098698038975897E-05
Modulo significantly different from Const - DRAM;0.9871045346051615
Modulo significantly different from ModuloAssign - Time;2.220446049250313E-16
Modulo significantly different from ModuloAssign - Package;2.220446049250313E-16
Modulo significantly different from ModuloAssign - DRAM;2.220446049250313E-16
Modulo significantly different from Assign - Time;2.220446049250313E-16
Modulo significantly different from Assign - Package;2.220446049250313E-16
Modulo significantly different from Assign - DRAM;2.220446049250313E-16
Const significantly different from ModuloAssign - Time;2.220446049250313E-16
Const significantly different from ModuloAssign - Package;2.220446049250313E-16
Const significantly different from ModuloAssign - DRAM;2.220446049250313E-16
Const significantly different from Assign - Time;2.220446049250313E-16
Const significantly different from Assign - Package;2.220446049250313E-16
Const significantly different from Assign - DRAM;2.220446049250313E-16
ModuloAssign significantly different from Assign - Time;5.440092820663267E-14
ModuloAssign significantly different from Assign - Package;0.014390057983888038
ModuloAssign significantly different from Assign - DRAM;1.6472618824536767E-09
