Key;Value
Break significantly different from Continue - Time;0.5177589077224041
Break significantly different from Continue - Package;0.06381483900871165
Break significantly different from Continue - DRAM;0.24563343195189913
Break significantly different from Goto - Time;0.5181570500539989
Break significantly different from Goto - Package;0.008573192777294958
Break significantly different from Goto - DRAM;0.5146480761422811
Continue significantly different from Goto - Time;0.2796581250342145
Continue significantly different from Goto - Package;0.5121675189922317
Continue significantly different from Goto - DRAM;0.6007080301871681
