Key;Value
ConcurrentDictionaryInsertion significantly different from DictionaryInsertion - Time;2.220446049250313E-16
ConcurrentDictionaryInsertion significantly different from DictionaryInsertion - Package;2.220446049250313E-16
ConcurrentDictionaryInsertion significantly different from DictionaryInsertion - DRAM;2.220446049250313E-16
ConcurrentDictionaryInsertion significantly different from HashtableInsertion - Time;2.220446049250313E-16
ConcurrentDictionaryInsertion significantly different from HashtableInsertion - Package;2.220446049250313E-16
ConcurrentDictionaryInsertion significantly different from HashtableInsertion - DRAM;2.220446049250313E-16
ConcurrentDictionaryInsertion significantly different from ImmutableDictionaryInsertion - Time;2.220446049250313E-16
ConcurrentDictionaryInsertion significantly different from ImmutableDictionaryInsertion - Package;2.220446049250313E-16
ConcurrentDictionaryInsertion significantly different from ImmutableDictionaryInsertion - DRAM;2.220446049250313E-16
ConcurrentDictionaryInsertion significantly different from ImmutableSortedDictionaryInsertion - Time;2.220446049250313E-16
ConcurrentDictionaryInsertion significantly different from ImmutableSortedDictionaryInsertion - Package;2.220446049250313E-16
ConcurrentDictionaryInsertion significantly different from ImmutableSortedDictionaryInsertion - DRAM;2.220446049250313E-16
ConcurrentDictionaryInsertion significantly different from SortedDictionaryInsertion - Time;2.220446049250313E-16
ConcurrentDictionaryInsertion significantly different from SortedDictionaryInsertion - Package;2.220446049250313E-16
ConcurrentDictionaryInsertion significantly different from SortedDictionaryInsertion - DRAM;2.220446049250313E-16
ConcurrentDictionaryInsertion significantly different from SortedListInsertion - Time;2.220446049250313E-16
ConcurrentDictionaryInsertion significantly different from SortedListInsertion - Package;2.220446049250313E-16
ConcurrentDictionaryInsertion significantly different from SortedListInsertion - DRAM;2.220446049250313E-16
DictionaryInsertion significantly different from HashtableInsertion - Time;2.220446049250313E-16
DictionaryInsertion significantly different from HashtableInsertion - Package;2.220446049250313E-16
DictionaryInsertion significantly different from HashtableInsertion - DRAM;2.220446049250313E-16
DictionaryInsertion significantly different from ImmutableDictionaryInsertion - Time;2.220446049250313E-16
DictionaryInsertion significantly different from ImmutableDictionaryInsertion - Package;2.220446049250313E-16
DictionaryInsertion significantly different from ImmutableDictionaryInsertion - DRAM;2.220446049250313E-16
DictionaryInsertion significantly different from ImmutableSortedDictionaryInsertion - Time;2.220446049250313E-16
DictionaryInsertion significantly different from ImmutableSortedDictionaryInsertion - Package;2.220446049250313E-16
DictionaryInsertion significantly different from ImmutableSortedDictionaryInsertion - DRAM;2.220446049250313E-16
DictionaryInsertion significantly different from SortedDictionaryInsertion - Time;2.220446049250313E-16
DictionaryInsertion significantly different from SortedDictionaryInsertion - Package;2.220446049250313E-16
DictionaryInsertion significantly different from SortedDictionaryInsertion - DRAM;2.220446049250313E-16
DictionaryInsertion significantly different from SortedListInsertion - Time;2.220446049250313E-16
DictionaryInsertion significantly different from SortedListInsertion - Package;2.220446049250313E-16
DictionaryInsertion significantly different from SortedListInsertion - DRAM;2.220446049250313E-16
HashtableInsertion significantly different from ImmutableDictionaryInsertion - Time;2.220446049250313E-16
HashtableInsertion significantly different from ImmutableDictionaryInsertion - Package;2.220446049250313E-16
HashtableInsertion significantly different from ImmutableDictionaryInsertion - DRAM;2.220446049250313E-16
HashtableInsertion significantly different from ImmutableSortedDictionaryInsertion - Time;2.220446049250313E-16
HashtableInsertion significantly different from ImmutableSortedDictionaryInsertion - Package;2.220446049250313E-16
HashtableInsertion significantly different from ImmutableSortedDictionaryInsertion - DRAM;2.220446049250313E-16
HashtableInsertion significantly different from SortedDictionaryInsertion - Time;2.220446049250313E-16
HashtableInsertion significantly different from SortedDictionaryInsertion - Package;2.220446049250313E-16
HashtableInsertion significantly different from SortedDictionaryInsertion - DRAM;2.220446049250313E-16
HashtableInsertion significantly different from SortedListInsertion - Time;2.220446049250313E-16
HashtableInsertion significantly different from SortedListInsertion - Package;2.220446049250313E-16
HashtableInsertion significantly different from SortedListInsertion - DRAM;2.220446049250313E-16
ImmutableDictionaryInsertion significantly different from ImmutableSortedDictionaryInsertion - Time;2.220446049250313E-16
ImmutableDictionaryInsertion significantly different from ImmutableSortedDictionaryInsertion - Package;2.220446049250313E-16
ImmutableDictionaryInsertion significantly different from ImmutableSortedDictionaryInsertion - DRAM;2.220446049250313E-16
ImmutableDictionaryInsertion significantly different from SortedDictionaryInsertion - Time;2.220446049250313E-16
ImmutableDictionaryInsertion significantly different from SortedDictionaryInsertion - Package;2.220446049250313E-16
ImmutableDictionaryInsertion significantly different from SortedDictionaryInsertion - DRAM;2.220446049250313E-16
ImmutableDictionaryInsertion significantly different from SortedListInsertion - Time;2.220446049250313E-16
ImmutableDictionaryInsertion significantly different from SortedListInsertion - Package;2.220446049250313E-16
ImmutableDictionaryInsertion significantly different from SortedListInsertion - DRAM;2.220446049250313E-16
ImmutableSortedDictionaryInsertion significantly different from SortedDictionaryInsertion - Time;2.220446049250313E-16
ImmutableSortedDictionaryInsertion significantly different from SortedDictionaryInsertion - Package;2.220446049250313E-16
ImmutableSortedDictionaryInsertion significantly different from SortedDictionaryInsertion - DRAM;2.220446049250313E-16
ImmutableSortedDictionaryInsertion significantly different from SortedListInsertion - Time;2.220446049250313E-16
ImmutableSortedDictionaryInsertion significantly different from SortedListInsertion - Package;2.220446049250313E-16
ImmutableSortedDictionaryInsertion significantly different from SortedListInsertion - DRAM;2.220446049250313E-16
SortedDictionaryInsertion significantly different from SortedListInsertion - Time;2.220446049250313E-16
SortedDictionaryInsertion significantly different from SortedListInsertion - Package;2.220446049250313E-16
SortedDictionaryInsertion significantly different from SortedListInsertion - DRAM;2.220446049250313E-16
