Key;Value
Divide significantly different from Const - Time;0.03523452084265499
Divide significantly different from Const - Package;0.0986321440539657
Divide significantly different from Const - DRAM;0.81546958957109
Divide significantly different from CompAssign - Time;2.220446049250313E-16
Divide significantly different from CompAssign - Package;2.220446049250313E-16
Divide significantly different from CompAssign - DRAM;2.220446049250313E-16
Divide significantly different from Assign - Time;2.220446049250313E-16
Divide significantly different from Assign - Package;2.220446049250313E-16
Divide significantly different from Assign - DRAM;2.220446049250313E-16
Const significantly different from CompAssign - Time;2.220446049250313E-16
Const significantly different from CompAssign - Package;2.220446049250313E-16
Const significantly different from CompAssign - DRAM;2.220446049250313E-16
Const significantly different from Assign - Time;2.220446049250313E-16
Const significantly different from Assign - Package;2.220446049250313E-16
Const significantly different from Assign - DRAM;2.220446049250313E-16
CompAssign significantly different from Assign - Time;0.6224933917436506
CompAssign significantly different from Assign - Package;0.04980569144131297
CompAssign significantly different from Assign - DRAM;0.4578038054730509
