Key;Value
ClassField significantly different from ClassFieldStatic - Time;0.013320794456887608
ClassField significantly different from ClassFieldStatic - Package;0.03176268594309262
ClassField significantly different from ClassFieldStatic - DRAM;0.239839115150823
ClassField significantly different from StructField - Time;2.220446049250313E-16
ClassField significantly different from StructField - Package;2.220446049250313E-16
ClassField significantly different from StructField - DRAM;2.220446049250313E-16
ClassField significantly different from StructFieldStatic - Time;0.7662449227250694
ClassField significantly different from StructFieldStatic - Package;0.17456815781204393
ClassField significantly different from StructFieldStatic - DRAM;0.46371969492027354
ClassField significantly different from RecordField - Time;0.8616519145016182
ClassField significantly different from RecordField - Package;0.4261566260493277
ClassField significantly different from RecordField - DRAM;0.45140527677050724
ClassField significantly different from RecordFieldStatic - Time;0.08283881896018475
ClassField significantly different from RecordFieldStatic - Package;2.220446049250313E-16
ClassField significantly different from RecordFieldStatic - DRAM;0.6780510241468236
ClassField significantly different from RecordStructField - Time;2.220446049250313E-16
ClassField significantly different from RecordStructField - Package;2.220446049250313E-16
ClassField significantly different from RecordStructField - DRAM;2.220446049250313E-16
ClassField significantly different from RecordStructFieldStatic - Time;0.9407416775568203
ClassField significantly different from RecordStructFieldStatic - Package;0.04547306593937961
ClassField significantly different from RecordStructFieldStatic - DRAM;0.8934689242978515
ClassFieldStatic significantly different from StructField - Time;2.220446049250313E-16
ClassFieldStatic significantly different from StructField - Package;2.220446049250313E-16
ClassFieldStatic significantly different from StructField - DRAM;2.220446049250313E-16
ClassFieldStatic significantly different from StructFieldStatic - Time;0.10254430044731722
ClassFieldStatic significantly different from StructFieldStatic - Package;0.8588833446346245
ClassFieldStatic significantly different from StructFieldStatic - DRAM;0.6425094458521445
ClassFieldStatic significantly different from RecordField - Time;0.004461117409464199
ClassFieldStatic significantly different from RecordField - Package;0.016560593806222546
ClassFieldStatic significantly different from RecordField - DRAM;0.046762482690139384
ClassFieldStatic significantly different from RecordFieldStatic - Time;0.03369167837791154
ClassFieldStatic significantly different from RecordFieldStatic - Package;2.220446049250313E-16
ClassFieldStatic significantly different from RecordFieldStatic - DRAM;0.07230388237424501
ClassFieldStatic significantly different from RecordStructField - Time;2.220446049250313E-16
ClassFieldStatic significantly different from RecordStructField - Package;2.220446049250313E-16
ClassFieldStatic significantly different from RecordStructField - DRAM;2.220446049250313E-16
ClassFieldStatic significantly different from RecordStructFieldStatic - Time;0.00497579045552321
ClassFieldStatic significantly different from RecordStructFieldStatic - Package;0.8867411886884433
ClassFieldStatic significantly different from RecordStructFieldStatic - DRAM;0.383257313010672
StructField significantly different from StructFieldStatic - Time;2.220446049250313E-16
StructField significantly different from StructFieldStatic - Package;2.220446049250313E-16
StructField significantly different from StructFieldStatic - DRAM;2.220446049250313E-16
StructField significantly different from RecordField - Time;2.220446049250313E-16
StructField significantly different from RecordField - Package;2.220446049250313E-16
StructField significantly different from RecordField - DRAM;2.220446049250313E-16
StructField significantly different from RecordFieldStatic - Time;2.220446049250313E-16
StructField significantly different from RecordFieldStatic - Package;2.220446049250313E-16
StructField significantly different from RecordFieldStatic - DRAM;2.220446049250313E-16
StructField significantly different from RecordStructField - Time;0.048383397966622166
StructField significantly different from RecordStructField - Package;0.1943249629491186
StructField significantly different from RecordStructField - DRAM;0.5006264687794824
StructField significantly different from RecordStructFieldStatic - Time;2.220446049250313E-16
StructField significantly different from RecordStructFieldStatic - Package;2.220446049250313E-16
StructField significantly different from RecordStructFieldStatic - DRAM;2.220446049250313E-16
StructFieldStatic significantly different from RecordField - Time;0.6531254199288878
StructFieldStatic significantly different from RecordField - Package;0.0638580961761892
StructFieldStatic significantly different from RecordField - DRAM;0.12272046732840725
StructFieldStatic significantly different from RecordFieldStatic - Time;0.30108739911891
StructFieldStatic significantly different from RecordFieldStatic - Package;2.220446049250313E-16
StructFieldStatic significantly different from RecordFieldStatic - DRAM;0.1718733432971573
StructFieldStatic significantly different from RecordStructField - Time;2.220446049250313E-16
StructFieldStatic significantly different from RecordStructField - Package;2.220446049250313E-16
StructFieldStatic significantly different from RecordStructField - DRAM;2.220446049250313E-16
StructFieldStatic significantly different from RecordStructFieldStatic - Time;0.7137937190401615
StructFieldStatic significantly different from RecordStructFieldStatic - Package;0.82459581616311
StructFieldStatic significantly different from RecordStructFieldStatic - DRAM;0.6123629425455333
RecordField significantly different from RecordFieldStatic - Time;0.035855710976309796
RecordField significantly different from RecordFieldStatic - Package;2.220446049250313E-16
RecordField significantly different from RecordFieldStatic - DRAM;0.561558680242777
RecordField significantly different from RecordStructField - Time;2.220446049250313E-16
RecordField significantly different from RecordStructField - Package;2.220446049250313E-16
RecordField significantly different from RecordStructField - DRAM;2.220446049250313E-16
RecordField significantly different from RecordStructFieldStatic - Time;0.9087615439658212
RecordField significantly different from RecordStructFieldStatic - Package;0.02103340458754266
RecordField significantly different from RecordStructFieldStatic - DRAM;0.4146680349519314
RecordFieldStatic significantly different from RecordStructField - Time;2.220446049250313E-16
RecordFieldStatic significantly different from RecordStructField - Package;2.220446049250313E-16
RecordFieldStatic significantly different from RecordStructField - DRAM;2.220446049250313E-16
RecordFieldStatic significantly different from RecordStructFieldStatic - Time;0.05604398390694687
RecordFieldStatic significantly different from RecordStructFieldStatic - Package;2.220446049250313E-16
RecordFieldStatic significantly different from RecordStructFieldStatic - DRAM;0.5563814641845497
RecordStructField significantly different from RecordStructFieldStatic - Time;2.220446049250313E-16
RecordStructField significantly different from RecordStructFieldStatic - Package;2.220446049250313E-16
RecordStructField significantly different from RecordStructFieldStatic - DRAM;2.220446049250313E-16
