Key;Value
ClassMethod significantly different from ClassMethodStatic - Time;2.220446049250313E-16
ClassMethod significantly different from ClassMethodStatic - Package;2.220446049250313E-16
ClassMethod significantly different from ClassMethodStatic - DRAM;2.220446049250313E-16
ClassMethod significantly different from StructMethod - Time;2.220446049250313E-16
ClassMethod significantly different from StructMethod - Package;2.220446049250313E-16
ClassMethod significantly different from StructMethod - DRAM;2.220446049250313E-16
ClassMethod significantly different from StructMethodStatic - Time;2.220446049250313E-16
ClassMethod significantly different from StructMethodStatic - Package;2.220446049250313E-16
ClassMethod significantly different from StructMethodStatic - DRAM;2.220446049250313E-16
ClassMethod significantly different from RecordMethod - Time;6.907768357322652E-08
ClassMethod significantly different from RecordMethod - Package;4.5357711607740825E-05
ClassMethod significantly different from RecordMethod - DRAM;0.019744945821652538
ClassMethod significantly different from RecordMethodStatic - Time;2.220446049250313E-16
ClassMethod significantly different from RecordMethodStatic - Package;6.620968884263334E-09
ClassMethod significantly different from RecordMethodStatic - DRAM;2.220446049250313E-16
ClassMethod significantly different from RecordStructMethod - Time;2.220446049250313E-16
ClassMethod significantly different from RecordStructMethod - Package;2.220446049250313E-16
ClassMethod significantly different from RecordStructMethod - DRAM;2.220446049250313E-16
ClassMethod significantly different from RecordStructStaticMethod - Time;2.220446049250313E-16
ClassMethod significantly different from RecordStructStaticMethod - Package;2.220446049250313E-16
ClassMethod significantly different from RecordStructStaticMethod - DRAM;2.322557923761792E-09
ClassMethodStatic significantly different from StructMethod - Time;2.220446049250313E-16
ClassMethodStatic significantly different from StructMethod - Package;2.220446049250313E-16
ClassMethodStatic significantly different from StructMethod - DRAM;2.220446049250313E-16
ClassMethodStatic significantly different from StructMethodStatic - Time;0.3471867089205214
ClassMethodStatic significantly different from StructMethodStatic - Package;0.28659368917633987
ClassMethodStatic significantly different from StructMethodStatic - DRAM;0.28017940205921743
ClassMethodStatic significantly different from RecordMethod - Time;2.220446049250313E-16
ClassMethodStatic significantly different from RecordMethod - Package;2.220446049250313E-16
ClassMethodStatic significantly different from RecordMethod - DRAM;2.220446049250313E-16
ClassMethodStatic significantly different from RecordMethodStatic - Time;2.220446049250313E-16
ClassMethodStatic significantly different from RecordMethodStatic - Package;2.220446049250313E-16
ClassMethodStatic significantly different from RecordMethodStatic - DRAM;2.220446049250313E-16
ClassMethodStatic significantly different from RecordStructMethod - Time;2.220446049250313E-16
ClassMethodStatic significantly different from RecordStructMethod - Package;2.220446049250313E-16
ClassMethodStatic significantly different from RecordStructMethod - DRAM;2.220446049250313E-16
ClassMethodStatic significantly different from RecordStructStaticMethod - Time;2.220446049250313E-16
ClassMethodStatic significantly different from RecordStructStaticMethod - Package;2.220446049250313E-16
ClassMethodStatic significantly different from RecordStructStaticMethod - DRAM;2.220446049250313E-16
StructMethod significantly different from StructMethodStatic - Time;2.220446049250313E-16
StructMethod significantly different from StructMethodStatic - Package;2.220446049250313E-16
StructMethod significantly different from StructMethodStatic - DRAM;2.220446049250313E-16
StructMethod significantly different from RecordMethod - Time;2.220446049250313E-16
StructMethod significantly different from RecordMethod - Package;2.220446049250313E-16
StructMethod significantly different from RecordMethod - DRAM;2.220446049250313E-16
StructMethod significantly different from RecordMethodStatic - Time;2.220446049250313E-16
StructMethod significantly different from RecordMethodStatic - Package;2.220446049250313E-16
StructMethod significantly different from RecordMethodStatic - DRAM;2.220446049250313E-16
StructMethod significantly different from RecordStructMethod - Time;0.15366319412780638
StructMethod significantly different from RecordStructMethod - Package;2.220446049250313E-16
StructMethod significantly different from RecordStructMethod - DRAM;0.6341392994637678
StructMethod significantly different from RecordStructStaticMethod - Time;2.220446049250313E-16
StructMethod significantly different from RecordStructStaticMethod - Package;2.220446049250313E-16
StructMethod significantly different from RecordStructStaticMethod - DRAM;2.220446049250313E-16
StructMethodStatic significantly different from RecordMethod - Time;2.220446049250313E-16
StructMethodStatic significantly different from RecordMethod - Package;2.220446049250313E-16
StructMethodStatic significantly different from RecordMethod - DRAM;2.220446049250313E-16
StructMethodStatic significantly different from RecordMethodStatic - Time;2.220446049250313E-16
StructMethodStatic significantly different from RecordMethodStatic - Package;2.220446049250313E-16
StructMethodStatic significantly different from RecordMethodStatic - DRAM;2.220446049250313E-16
StructMethodStatic significantly different from RecordStructMethod - Time;2.220446049250313E-16
StructMethodStatic significantly different from RecordStructMethod - Package;2.220446049250313E-16
StructMethodStatic significantly different from RecordStructMethod - DRAM;2.220446049250313E-16
StructMethodStatic significantly different from RecordStructStaticMethod - Time;2.220446049250313E-16
StructMethodStatic significantly different from RecordStructStaticMethod - Package;2.220446049250313E-16
StructMethodStatic significantly different from RecordStructStaticMethod - DRAM;2.220446049250313E-16
RecordMethod significantly different from RecordMethodStatic - Time;2.220446049250313E-16
RecordMethod significantly different from RecordMethodStatic - Package;6.283862319378386E-14
RecordMethod significantly different from RecordMethodStatic - DRAM;2.220446049250313E-16
RecordMethod significantly different from RecordStructMethod - Time;2.220446049250313E-16
RecordMethod significantly different from RecordStructMethod - Package;2.220446049250313E-16
RecordMethod significantly different from RecordStructMethod - DRAM;2.220446049250313E-16
RecordMethod significantly different from RecordStructStaticMethod - Time;2.220446049250313E-16
RecordMethod significantly different from RecordStructStaticMethod - Package;2.220446049250313E-16
RecordMethod significantly different from RecordStructStaticMethod - DRAM;0.029624411990796462
RecordMethodStatic significantly different from RecordStructMethod - Time;2.220446049250313E-16
RecordMethodStatic significantly different from RecordStructMethod - Package;2.220446049250313E-16
RecordMethodStatic significantly different from RecordStructMethod - DRAM;2.220446049250313E-16
RecordMethodStatic significantly different from RecordStructStaticMethod - Time;2.220446049250313E-16
RecordMethodStatic significantly different from RecordStructStaticMethod - Package;2.220446049250313E-16
RecordMethodStatic significantly different from RecordStructStaticMethod - DRAM;2.220446049250313E-16
RecordStructMethod significantly different from RecordStructStaticMethod - Time;2.220446049250313E-16
RecordStructMethod significantly different from RecordStructStaticMethod - Package;2.220446049250313E-16
RecordStructMethod significantly different from RecordStructStaticMethod - DRAM;2.220446049250313E-16
