Key;Value
ArrayCreation significantly different from ArrayListCreation - Time;2.220446049250313E-16
ArrayCreation significantly different from ArrayListCreation - Package;2.220446049250313E-16
ArrayCreation significantly different from ArrayListCreation - DRAM;2.220446049250313E-16
ArrayCreation significantly different from ImmutableArrayCreation - Time;2.220446049250313E-16
ArrayCreation significantly different from ImmutableArrayCreation - Package;2.220446049250313E-16
ArrayCreation significantly different from ImmutableArrayCreation - DRAM;2.220446049250313E-16
ArrayCreation significantly different from ImmutableListCreation - Time;2.220446049250313E-16
ArrayCreation significantly different from ImmutableListCreation - Package;2.220446049250313E-16
ArrayCreation significantly different from ImmutableListCreation - DRAM;2.220446049250313E-16
ArrayCreation significantly different from LinkedListCreation - Time;2.220446049250313E-16
ArrayCreation significantly different from LinkedListCreation - Package;2.220446049250313E-16
ArrayCreation significantly different from LinkedListCreation - DRAM;2.220446049250313E-16
ArrayCreation significantly different from ListCreation - Time;2.220446049250313E-16
ArrayCreation significantly different from ListCreation - Package;2.220446049250313E-16
ArrayCreation significantly different from ListCreation - DRAM;2.220446049250313E-16
ArrayListCreation significantly different from ImmutableArrayCreation - Time;2.220446049250313E-16
ArrayListCreation significantly different from ImmutableArrayCreation - Package;2.220446049250313E-16
ArrayListCreation significantly different from ImmutableArrayCreation - DRAM;2.220446049250313E-16
ArrayListCreation significantly different from ImmutableListCreation - Time;2.220446049250313E-16
ArrayListCreation significantly different from ImmutableListCreation - Package;2.220446049250313E-16
ArrayListCreation significantly different from ImmutableListCreation - DRAM;2.220446049250313E-16
ArrayListCreation significantly different from LinkedListCreation - Time;2.220446049250313E-16
ArrayListCreation significantly different from LinkedListCreation - Package;2.220446049250313E-16
ArrayListCreation significantly different from LinkedListCreation - DRAM;2.220446049250313E-16
ArrayListCreation significantly different from ListCreation - Time;2.220446049250313E-16
ArrayListCreation significantly different from ListCreation - Package;2.220446049250313E-16
ArrayListCreation significantly different from ListCreation - DRAM;2.220446049250313E-16
ImmutableArrayCreation significantly different from ImmutableListCreation - Time;2.220446049250313E-16
ImmutableArrayCreation significantly different from ImmutableListCreation - Package;2.220446049250313E-16
ImmutableArrayCreation significantly different from ImmutableListCreation - DRAM;2.220446049250313E-16
ImmutableArrayCreation significantly different from LinkedListCreation - Time;2.220446049250313E-16
ImmutableArrayCreation significantly different from LinkedListCreation - Package;2.220446049250313E-16
ImmutableArrayCreation significantly different from LinkedListCreation - DRAM;2.220446049250313E-16
ImmutableArrayCreation significantly different from ListCreation - Time;2.220446049250313E-16
ImmutableArrayCreation significantly different from ListCreation - Package;2.220446049250313E-16
ImmutableArrayCreation significantly different from ListCreation - DRAM;2.220446049250313E-16
ImmutableListCreation significantly different from LinkedListCreation - Time;2.220446049250313E-16
ImmutableListCreation significantly different from LinkedListCreation - Package;2.220446049250313E-16
ImmutableListCreation significantly different from LinkedListCreation - DRAM;2.220446049250313E-16
ImmutableListCreation significantly different from ListCreation - Time;2.220446049250313E-16
ImmutableListCreation significantly different from ListCreation - Package;2.220446049250313E-16
ImmutableListCreation significantly different from ListCreation - DRAM;2.220446049250313E-16
LinkedListCreation significantly different from ListCreation - Time;2.220446049250313E-16
LinkedListCreation significantly different from ListCreation - Package;2.220446049250313E-16
LinkedListCreation significantly different from ListCreation - DRAM;2.220446049250313E-16
