Key;Value
Reflection significantly different from ReflectionStatic - Time;2.220446049250313E-16
Reflection significantly different from ReflectionStatic - Package;3.284261751446138E-12
Reflection significantly different from ReflectionStatic - DRAM;2.220446049250313E-16
Reflection significantly different from ReflectionFlags - Time;0.8591073613887823
Reflection significantly different from ReflectionFlags - Package;0.05268430779333011
Reflection significantly different from ReflectionFlags - DRAM;0.7262750086088572
Reflection significantly different from ReflectionStaticFlags - Time;3.1086244689504383E-15
Reflection significantly different from ReflectionStaticFlags - Package;2.4027890788147488E-11
Reflection significantly different from ReflectionStaticFlags - DRAM;6.439293542825908E-15
Reflection significantly different from ReflectionDelegate - Time;2.220446049250313E-16
Reflection significantly different from ReflectionDelegate - Package;2.220446049250313E-16
Reflection significantly different from ReflectionDelegate - DRAM;2.220446049250313E-16
Reflection significantly different from ReflectionDelegateStatic - Time;2.220446049250313E-16
Reflection significantly different from ReflectionDelegateStatic - Package;2.220446049250313E-16
Reflection significantly different from ReflectionDelegateStatic - DRAM;2.220446049250313E-16
ReflectionStatic significantly different from ReflectionFlags - Time;6.8833827526759706E-15
ReflectionStatic significantly different from ReflectionFlags - Package;1.3677503574172079E-11
ReflectionStatic significantly different from ReflectionFlags - DRAM;5.950795411990839E-14
ReflectionStatic significantly different from ReflectionStaticFlags - Time;0.33979440741017486
ReflectionStatic significantly different from ReflectionStaticFlags - Package;0.6072605482794424
ReflectionStatic significantly different from ReflectionStaticFlags - DRAM;0.43057453997859585
ReflectionStatic significantly different from ReflectionDelegate - Time;2.220446049250313E-16
ReflectionStatic significantly different from ReflectionDelegate - Package;2.220446049250313E-16
ReflectionStatic significantly different from ReflectionDelegate - DRAM;2.220446049250313E-16
ReflectionStatic significantly different from ReflectionDelegateStatic - Time;2.220446049250313E-16
ReflectionStatic significantly different from ReflectionDelegateStatic - Package;2.220446049250313E-16
ReflectionStatic significantly different from ReflectionDelegateStatic - DRAM;2.220446049250313E-16
ReflectionFlags significantly different from ReflectionStaticFlags - Time;4.063416270128073E-14
ReflectionFlags significantly different from ReflectionStaticFlags - Package;5.678546521892258E-11
ReflectionFlags significantly different from ReflectionStaticFlags - DRAM;5.819789095085071E-13
ReflectionFlags significantly different from ReflectionDelegate - Time;2.220446049250313E-16
ReflectionFlags significantly different from ReflectionDelegate - Package;2.220446049250313E-16
ReflectionFlags significantly different from ReflectionDelegate - DRAM;2.220446049250313E-16
ReflectionFlags significantly different from ReflectionDelegateStatic - Time;2.220446049250313E-16
ReflectionFlags significantly different from ReflectionDelegateStatic - Package;2.220446049250313E-16
ReflectionFlags significantly different from ReflectionDelegateStatic - DRAM;2.220446049250313E-16
ReflectionStaticFlags significantly different from ReflectionDelegate - Time;2.220446049250313E-16
ReflectionStaticFlags significantly different from ReflectionDelegate - Package;2.220446049250313E-16
ReflectionStaticFlags significantly different from ReflectionDelegate - DRAM;2.220446049250313E-16
ReflectionStaticFlags significantly different from ReflectionDelegateStatic - Time;2.220446049250313E-16
ReflectionStaticFlags significantly different from ReflectionDelegateStatic - Package;2.220446049250313E-16
ReflectionStaticFlags significantly different from ReflectionDelegateStatic - DRAM;2.220446049250313E-16
ReflectionDelegate significantly different from ReflectionDelegateStatic - Time;2.220446049250313E-16
ReflectionDelegate significantly different from ReflectionDelegateStatic - Package;1.0147438445073931E-13
ReflectionDelegate significantly different from ReflectionDelegateStatic - DRAM;2.220446049250313E-16
