Key;Value
BitShiftLeft significantly different from BitShiftLeftCompound - Time;0.27899358643448524
BitShiftLeft significantly different from BitShiftLeftCompound - Package;0.2051026750891003
BitShiftLeft significantly different from BitShiftLeftCompound - DRAM;0.6319354162773734
BitShiftLeft significantly different from BitShiftRight - Time;0.0021581562710559776
BitShiftLeft significantly different from BitShiftRight - Package;0.00014433357122878299
BitShiftLeft significantly different from BitShiftRight - DRAM;0.31910838359191906
BitShiftLeft significantly different from BitShiftRightCompound - Time;0.013561046005060584
BitShiftLeft significantly different from BitShiftRightCompound - Package;0.001269677508985767
BitShiftLeft significantly different from BitShiftRightCompound - DRAM;0.39352943625808723
BitShiftLeft significantly different from LogicalAND - Time;2.220446049250313E-16
BitShiftLeft significantly different from LogicalAND - Package;2.220446049250313E-16
BitShiftLeft significantly different from LogicalAND - DRAM;2.220446049250313E-16
BitShiftLeft significantly different from LogicalANDCompound - Time;2.220446049250313E-16
BitShiftLeft significantly different from LogicalANDCompound - Package;2.220446049250313E-16
BitShiftLeft significantly different from LogicalANDCompound - DRAM;2.220446049250313E-16
BitShiftLeft significantly different from LogicalOR - Time;2.220446049250313E-16
BitShiftLeft significantly different from LogicalOR - Package;2.220446049250313E-16
BitShiftLeft significantly different from LogicalOR - DRAM;2.220446049250313E-16
BitShiftLeft significantly different from LogicalORCompound - Time;2.220446049250313E-16
BitShiftLeft significantly different from LogicalORCompound - Package;2.220446049250313E-16
BitShiftLeft significantly different from LogicalORCompound - DRAM;2.220446049250313E-16
BitShiftLeft significantly different from LogicalXOR - Time;2.220446049250313E-16
BitShiftLeft significantly different from LogicalXOR - Package;2.220446049250313E-16
BitShiftLeft significantly different from LogicalXOR - DRAM;2.220446049250313E-16
BitShiftLeft significantly different from LogicalXORCompound - Time;2.220446049250313E-16
BitShiftLeft significantly different from LogicalXORCompound - Package;2.220446049250313E-16
BitShiftLeft significantly different from LogicalXORCompound - DRAM;2.220446049250313E-16
BitShiftLeft significantly different from BitwiseComplement - Time;2.220446049250313E-16
BitShiftLeft significantly different from BitwiseComplement - Package;2.220446049250313E-16
BitShiftLeft significantly different from BitwiseComplement - DRAM;2.220446049250313E-16
BitShiftLeftCompound significantly different from BitShiftRight - Time;0.006524195135788391
BitShiftLeftCompound significantly different from BitShiftRight - Package;5.7611791655087785E-06
BitShiftLeftCompound significantly different from BitShiftRight - DRAM;0.10439288731899565
BitShiftLeftCompound significantly different from BitShiftRightCompound - Time;0.08613467695358423
BitShiftLeftCompound significantly different from BitShiftRightCompound - Package;5.137680732536509E-05
BitShiftLeftCompound significantly different from BitShiftRightCompound - DRAM;0.6783036750620313
BitShiftLeftCompound significantly different from LogicalAND - Time;2.220446049250313E-16
BitShiftLeftCompound significantly different from LogicalAND - Package;2.220446049250313E-16
BitShiftLeftCompound significantly different from LogicalAND - DRAM;2.220446049250313E-16
BitShiftLeftCompound significantly different from LogicalANDCompound - Time;2.220446049250313E-16
BitShiftLeftCompound significantly different from LogicalANDCompound - Package;2.220446049250313E-16
BitShiftLeftCompound significantly different from LogicalANDCompound - DRAM;2.220446049250313E-16
BitShiftLeftCompound significantly different from LogicalOR - Time;2.220446049250313E-16
BitShiftLeftCompound significantly different from LogicalOR - Package;2.220446049250313E-16
BitShiftLeftCompound significantly different from LogicalOR - DRAM;2.220446049250313E-16
BitShiftLeftCompound significantly different from LogicalORCompound - Time;2.220446049250313E-16
BitShiftLeftCompound significantly different from LogicalORCompound - Package;2.220446049250313E-16
BitShiftLeftCompound significantly different from LogicalORCompound - DRAM;2.220446049250313E-16
BitShiftLeftCompound significantly different from LogicalXOR - Time;2.220446049250313E-16
BitShiftLeftCompound significantly different from LogicalXOR - Package;2.220446049250313E-16
BitShiftLeftCompound significantly different from LogicalXOR - DRAM;2.220446049250313E-16
BitShiftLeftCompound significantly different from LogicalXORCompound - Time;2.220446049250313E-16
BitShiftLeftCompound significantly different from LogicalXORCompound - Package;2.220446049250313E-16
BitShiftLeftCompound significantly different from LogicalXORCompound - DRAM;2.220446049250313E-16
BitShiftLeftCompound significantly different from BitwiseComplement - Time;2.220446049250313E-16
BitShiftLeftCompound significantly different from BitwiseComplement - Package;2.220446049250313E-16
BitShiftLeftCompound significantly different from BitwiseComplement - DRAM;2.220446049250313E-16
BitShiftRight significantly different from BitShiftRightCompound - Time;0.004740640062695478
BitShiftRight significantly different from BitShiftRightCompound - Package;0.29727601943911486
BitShiftRight significantly different from BitShiftRightCompound - DRAM;0.028996943053539725
BitShiftRight significantly different from LogicalAND - Time;2.220446049250313E-16
BitShiftRight significantly different from LogicalAND - Package;2.220446049250313E-16
BitShiftRight significantly different from LogicalAND - DRAM;2.220446049250313E-16
BitShiftRight significantly different from LogicalANDCompound - Time;2.220446049250313E-16
BitShiftRight significantly different from LogicalANDCompound - Package;2.220446049250313E-16
BitShiftRight significantly different from LogicalANDCompound - DRAM;2.220446049250313E-16
BitShiftRight significantly different from LogicalOR - Time;2.220446049250313E-16
BitShiftRight significantly different from LogicalOR - Package;2.220446049250313E-16
BitShiftRight significantly different from LogicalOR - DRAM;2.220446049250313E-16
BitShiftRight significantly different from LogicalORCompound - Time;2.220446049250313E-16
BitShiftRight significantly different from LogicalORCompound - Package;2.220446049250313E-16
BitShiftRight significantly different from LogicalORCompound - DRAM;2.220446049250313E-16
BitShiftRight significantly different from LogicalXOR - Time;2.220446049250313E-16
BitShiftRight significantly different from LogicalXOR - Package;2.220446049250313E-16
BitShiftRight significantly different from LogicalXOR - DRAM;2.220446049250313E-16
BitShiftRight significantly different from LogicalXORCompound - Time;2.220446049250313E-16
BitShiftRight significantly different from LogicalXORCompound - Package;2.220446049250313E-16
BitShiftRight significantly different from LogicalXORCompound - DRAM;2.220446049250313E-16
BitShiftRight significantly different from BitwiseComplement - Time;2.220446049250313E-16
BitShiftRight significantly different from BitwiseComplement - Package;2.220446049250313E-16
BitShiftRight significantly different from BitwiseComplement - DRAM;2.220446049250313E-16
BitShiftRightCompound significantly different from LogicalAND - Time;2.220446049250313E-16
BitShiftRightCompound significantly different from LogicalAND - Package;2.220446049250313E-16
BitShiftRightCompound significantly different from LogicalAND - DRAM;2.220446049250313E-16
BitShiftRightCompound significantly different from LogicalANDCompound - Time;2.220446049250313E-16
BitShiftRightCompound significantly different from LogicalANDCompound - Package;2.220446049250313E-16
BitShiftRightCompound significantly different from LogicalANDCompound - DRAM;2.220446049250313E-16
BitShiftRightCompound significantly different from LogicalOR - Time;2.220446049250313E-16
BitShiftRightCompound significantly different from LogicalOR - Package;2.220446049250313E-16
BitShiftRightCompound significantly different from LogicalOR - DRAM;2.220446049250313E-16
BitShiftRightCompound significantly different from LogicalORCompound - Time;2.220446049250313E-16
BitShiftRightCompound significantly different from LogicalORCompound - Package;2.220446049250313E-16
BitShiftRightCompound significantly different from LogicalORCompound - DRAM;2.220446049250313E-16
BitShiftRightCompound significantly different from LogicalXOR - Time;2.220446049250313E-16
BitShiftRightCompound significantly different from LogicalXOR - Package;2.220446049250313E-16
BitShiftRightCompound significantly different from LogicalXOR - DRAM;2.220446049250313E-16
BitShiftRightCompound significantly different from LogicalXORCompound - Time;2.220446049250313E-16
BitShiftRightCompound significantly different from LogicalXORCompound - Package;2.220446049250313E-16
BitShiftRightCompound significantly different from LogicalXORCompound - DRAM;2.220446049250313E-16
BitShiftRightCompound significantly different from BitwiseComplement - Time;2.220446049250313E-16
BitShiftRightCompound significantly different from BitwiseComplement - Package;2.220446049250313E-16
BitShiftRightCompound significantly different from BitwiseComplement - DRAM;2.220446049250313E-16
LogicalAND significantly different from LogicalANDCompound - Time;0.5714912100673313
LogicalAND significantly different from LogicalANDCompound - Package;0.02281381923877146
LogicalAND significantly different from LogicalANDCompound - DRAM;0.35950787320796596
LogicalAND significantly different from LogicalOR - Time;0.7550875384128592
LogicalAND significantly different from LogicalOR - Package;0.396811408813992
LogicalAND significantly different from LogicalOR - DRAM;0.8158275084122382
LogicalAND significantly different from LogicalORCompound - Time;0.7952446207930044
LogicalAND significantly different from LogicalORCompound - Package;0.44248961463944747
LogicalAND significantly different from LogicalORCompound - DRAM;0.9105680959785118
LogicalAND significantly different from LogicalXOR - Time;0.7522527271636656
LogicalAND significantly different from LogicalXOR - Package;0.008204016448177365
LogicalAND significantly different from LogicalXOR - DRAM;0.4891660739763619
LogicalAND significantly different from LogicalXORCompound - Time;0.41111275578350615
LogicalAND significantly different from LogicalXORCompound - Package;0.49443737791596076
LogicalAND significantly different from LogicalXORCompound - DRAM;0.18632592780064416
LogicalAND significantly different from BitwiseComplement - Time;2.220446049250313E-16
LogicalAND significantly different from BitwiseComplement - Package;2.220446049250313E-16
LogicalAND significantly different from BitwiseComplement - DRAM;2.220446049250313E-16
LogicalANDCompound significantly different from LogicalOR - Time;0.07428576960480959
LogicalANDCompound significantly different from LogicalOR - Package;1.5120329432960489E-09
LogicalANDCompound significantly different from LogicalOR - DRAM;0.16696558968620812
LogicalANDCompound significantly different from LogicalORCompound - Time;0.14026128577743657
LogicalANDCompound significantly different from LogicalORCompound - Package;1.5048572099551905E-07
LogicalANDCompound significantly different from LogicalORCompound - DRAM;0.20404726299521703
LogicalANDCompound significantly different from LogicalXOR - Time;0.760415353956648
LogicalANDCompound significantly different from LogicalXOR - Package;6.673084307351473E-11
LogicalANDCompound significantly different from LogicalXOR - DRAM;0.154848561842321
LogicalANDCompound significantly different from LogicalXORCompound - Time;0.6012713984855238
LogicalANDCompound significantly different from LogicalXORCompound - Package;1.5401694142269662E-08
LogicalANDCompound significantly different from LogicalXORCompound - DRAM;0.3246519108214605
LogicalANDCompound significantly different from BitwiseComplement - Time;2.220446049250313E-16
LogicalANDCompound significantly different from BitwiseComplement - Package;2.220446049250313E-16
LogicalANDCompound significantly different from BitwiseComplement - DRAM;2.220446049250313E-16
LogicalOR significantly different from LogicalORCompound - Time;0.9550068270363621
LogicalOR significantly different from LogicalORCompound - Package;0.8020294089063547
LogicalOR significantly different from LogicalORCompound - DRAM;0.8899737965451995
LogicalOR significantly different from LogicalXOR - Time;0.29518537011239054
LogicalOR significantly different from LogicalXOR - Package;0.03412813464421682
LogicalOR significantly different from LogicalXOR - DRAM;0.10795049275199253
LogicalOR significantly different from LogicalXORCompound - Time;0.031048547444517016
LogicalOR significantly different from LogicalXORCompound - Package;0.8179894278665969
LogicalOR significantly different from LogicalXORCompound - DRAM;0.03256191046580348
LogicalOR significantly different from BitwiseComplement - Time;2.220446049250313E-16
LogicalOR significantly different from BitwiseComplement - Package;2.220446049250313E-16
LogicalOR significantly different from BitwiseComplement - DRAM;2.220446049250313E-16
LogicalORCompound significantly different from LogicalXOR - Time;0.3921267054987514
LogicalORCompound significantly different from LogicalXOR - Package;0.016740359639425773
LogicalORCompound significantly different from LogicalXOR - DRAM;0.1698816339040996
LogicalORCompound significantly different from LogicalXORCompound - Time;0.08090505754107657
LogicalORCompound significantly different from LogicalXORCompound - Package;0.981002892797993
LogicalORCompound significantly different from LogicalXORCompound - DRAM;0.06288662263588574
LogicalORCompound significantly different from BitwiseComplement - Time;2.220446049250313E-16
LogicalORCompound significantly different from BitwiseComplement - Package;2.220446049250313E-16
LogicalORCompound significantly different from BitwiseComplement - DRAM;2.220446049250313E-16
LogicalXOR significantly different from LogicalXORCompound - Time;0.49888438029295346
LogicalXOR significantly different from LogicalXORCompound - Package;0.02605606863934362
LogicalXOR significantly different from LogicalXORCompound - DRAM;0.3517735709617418
LogicalXOR significantly different from BitwiseComplement - Time;2.220446049250313E-16
LogicalXOR significantly different from BitwiseComplement - Package;2.220446049250313E-16
LogicalXOR significantly different from BitwiseComplement - DRAM;2.220446049250313E-16
LogicalXORCompound significantly different from BitwiseComplement - Time;2.220446049250313E-16
LogicalXORCompound significantly different from BitwiseComplement - Package;2.220446049250313E-16
LogicalXORCompound significantly different from BitwiseComplement - DRAM;2.220446049250313E-16
