Key;Value
Add significantly different from Const - Time;3.2964392926437824E-06
Add significantly different from Const - Package;0.6153565836010906
Add significantly different from Const - DRAM;0.00020672584044945097
Add significantly different from AddAssign - Time;2.220446049250313E-16
Add significantly different from AddAssign - Package;2.220446049250313E-16
Add significantly different from AddAssign - DRAM;2.220446049250313E-16
Add significantly different from Assign - Time;2.220446049250313E-16
Add significantly different from Assign - Package;2.220446049250313E-16
Add significantly different from Assign - DRAM;2.220446049250313E-16
Const significantly different from AddAssign - Time;2.220446049250313E-16
Const significantly different from AddAssign - Package;2.220446049250313E-16
Const significantly different from AddAssign - DRAM;2.220446049250313E-16
Const significantly different from Assign - Time;2.220446049250313E-16
Const significantly different from Assign - Package;2.220446049250313E-16
Const significantly different from Assign - DRAM;2.220446049250313E-16
AddAssign significantly different from Assign - Time;3.370345062125857E-05
AddAssign significantly different from Assign - Package;0.5097479968091743
AddAssign significantly different from Assign - DRAM;0.764395105354922
