Key;Value
Float significantly different from Double - Time;2.220446049250313E-16
Float significantly different from Double - Package;2.220446049250313E-16
Float significantly different from Double - DRAM;2.220446049250313E-16
Float significantly different from Decimal - Time;2.220446049250313E-16
Float significantly different from Decimal - Package;2.220446049250313E-16
Float significantly different from Decimal - DRAM;2.220446049250313E-16
Double significantly different from Decimal - Time;2.220446049250313E-16
Double significantly different from Decimal - Package;2.220446049250313E-16
Double significantly different from Decimal - DRAM;2.220446049250313E-16
