Key;Value
HashSetInsertion significantly different from ImmutableHashSetInsertion - Time;2.220446049250313E-16
HashSetInsertion significantly different from ImmutableHashSetInsertion - Package;2.220446049250313E-16
HashSetInsertion significantly different from ImmutableHashSetInsertion - DRAM;2.220446049250313E-16
HashSetInsertion significantly different from ImmutableSortedSetInsertion - Time;2.220446049250313E-16
HashSetInsertion significantly different from ImmutableSortedSetInsertion - Package;2.220446049250313E-16
HashSetInsertion significantly different from ImmutableSortedSetInsertion - DRAM;2.220446049250313E-16
HashSetInsertion significantly different from SortedSetInsertion - Time;2.220446049250313E-16
HashSetInsertion significantly different from SortedSetInsertion - Package;2.220446049250313E-16
HashSetInsertion significantly different from SortedSetInsertion - DRAM;2.220446049250313E-16
ImmutableHashSetInsertion significantly different from ImmutableSortedSetInsertion - Time;2.220446049250313E-16
ImmutableHashSetInsertion significantly different from ImmutableSortedSetInsertion - Package;2.220446049250313E-16
ImmutableHashSetInsertion significantly different from ImmutableSortedSetInsertion - DRAM;2.220446049250313E-16
ImmutableHashSetInsertion significantly different from SortedSetInsertion - Time;2.220446049250313E-16
ImmutableHashSetInsertion significantly different from SortedSetInsertion - Package;2.220446049250313E-16
ImmutableHashSetInsertion significantly different from SortedSetInsertion - DRAM;2.220446049250313E-16
ImmutableSortedSetInsertion significantly different from SortedSetInsertion - Time;2.220446049250313E-16
ImmutableSortedSetInsertion significantly different from SortedSetInsertion - Package;2.220446049250313E-16
ImmutableSortedSetInsertion significantly different from SortedSetInsertion - DRAM;2.220446049250313E-16
