Key;Value
HashSetCopyManualForeach significantly different from HashSetCopyManualFor - Time;2.220446049250313E-16
HashSetCopyManualForeach significantly different from HashSetCopyManualFor - Package;2.220446049250313E-16
HashSetCopyManualForeach significantly different from HashSetCopyManualFor - DRAM;2.220446049250313E-16
HashSetCopyManualForeach significantly different from ImmutableHashSetCopyManualForeach - Time;2.220446049250313E-16
HashSetCopyManualForeach significantly different from ImmutableHashSetCopyManualForeach - Package;2.220446049250313E-16
HashSetCopyManualForeach significantly different from ImmutableHashSetCopyManualForeach - DRAM;2.220446049250313E-16
HashSetCopyManualForeach significantly different from ImmutableHashSetCopyManualFor - Time;2.220446049250313E-16
HashSetCopyManualForeach significantly different from ImmutableHashSetCopyManualFor - Package;2.220446049250313E-16
HashSetCopyManualForeach significantly different from ImmutableHashSetCopyManualFor - DRAM;2.220446049250313E-16
HashSetCopyManualForeach significantly different from ImmutableSortedSetCopyManualForeach - Time;2.220446049250313E-16
HashSetCopyManualForeach significantly different from ImmutableSortedSetCopyManualForeach - Package;2.220446049250313E-16
HashSetCopyManualForeach significantly different from ImmutableSortedSetCopyManualForeach - DRAM;2.220446049250313E-16
HashSetCopyManualForeach significantly different from ImmutableSortedSetCopyManualFor - Time;2.220446049250313E-16
HashSetCopyManualForeach significantly different from ImmutableSortedSetCopyManualFor - Package;2.220446049250313E-16
HashSetCopyManualForeach significantly different from ImmutableSortedSetCopyManualFor - DRAM;2.220446049250313E-16
HashSetCopyManualForeach significantly different from SortedSetCopyManualForeach - Time;2.220446049250313E-16
HashSetCopyManualForeach significantly different from SortedSetCopyManualForeach - Package;2.220446049250313E-16
HashSetCopyManualForeach significantly different from SortedSetCopyManualForeach - DRAM;2.220446049250313E-16
HashSetCopyManualForeach significantly different from SortedSetCopyManualFor - Time;2.220446049250313E-16
HashSetCopyManualForeach significantly different from SortedSetCopyManualFor - Package;2.220446049250313E-16
HashSetCopyManualForeach significantly different from SortedSetCopyManualFor - DRAM;2.220446049250313E-16
HashSetCopyManualFor significantly different from ImmutableHashSetCopyManualForeach - Time;2.220446049250313E-16
HashSetCopyManualFor significantly different from ImmutableHashSetCopyManualForeach - Package;2.220446049250313E-16
HashSetCopyManualFor significantly different from ImmutableHashSetCopyManualForeach - DRAM;2.220446049250313E-16
HashSetCopyManualFor significantly different from ImmutableHashSetCopyManualFor - Time;2.220446049250313E-16
HashSetCopyManualFor significantly different from ImmutableHashSetCopyManualFor - Package;2.220446049250313E-16
HashSetCopyManualFor significantly different from ImmutableHashSetCopyManualFor - DRAM;2.220446049250313E-16
HashSetCopyManualFor significantly different from ImmutableSortedSetCopyManualForeach - Time;2.220446049250313E-16
HashSetCopyManualFor significantly different from ImmutableSortedSetCopyManualForeach - Package;2.220446049250313E-16
HashSetCopyManualFor significantly different from ImmutableSortedSetCopyManualForeach - DRAM;2.220446049250313E-16
HashSetCopyManualFor significantly different from ImmutableSortedSetCopyManualFor - Time;2.220446049250313E-16
HashSetCopyManualFor significantly different from ImmutableSortedSetCopyManualFor - Package;2.220446049250313E-16
HashSetCopyManualFor significantly different from ImmutableSortedSetCopyManualFor - DRAM;2.220446049250313E-16
HashSetCopyManualFor significantly different from SortedSetCopyManualForeach - Time;2.220446049250313E-16
HashSetCopyManualFor significantly different from SortedSetCopyManualForeach - Package;2.220446049250313E-16
HashSetCopyManualFor significantly different from SortedSetCopyManualForeach - DRAM;2.220446049250313E-16
HashSetCopyManualFor significantly different from SortedSetCopyManualFor - Time;2.220446049250313E-16
HashSetCopyManualFor significantly different from SortedSetCopyManualFor - Package;2.220446049250313E-16
HashSetCopyManualFor significantly different from SortedSetCopyManualFor - DRAM;2.220446049250313E-16
ImmutableHashSetCopyManualForeach significantly different from ImmutableHashSetCopyManualFor - Time;1.3699481122841917E-06
ImmutableHashSetCopyManualForeach significantly different from ImmutableHashSetCopyManualFor - Package;9.117540171743599E-07
ImmutableHashSetCopyManualForeach significantly different from ImmutableHashSetCopyManualFor - DRAM;1.1769320645393933E-05
ImmutableHashSetCopyManualForeach significantly different from ImmutableSortedSetCopyManualForeach - Time;2.220446049250313E-16
ImmutableHashSetCopyManualForeach significantly different from ImmutableSortedSetCopyManualForeach - Package;2.220446049250313E-16
ImmutableHashSetCopyManualForeach significantly different from ImmutableSortedSetCopyManualForeach - DRAM;2.220446049250313E-16
ImmutableHashSetCopyManualForeach significantly different from ImmutableSortedSetCopyManualFor - Time;2.220446049250313E-16
ImmutableHashSetCopyManualForeach significantly different from ImmutableSortedSetCopyManualFor - Package;2.220446049250313E-16
ImmutableHashSetCopyManualForeach significantly different from ImmutableSortedSetCopyManualFor - DRAM;2.220446049250313E-16
ImmutableHashSetCopyManualForeach significantly different from SortedSetCopyManualForeach - Time;2.220446049250313E-16
ImmutableHashSetCopyManualForeach significantly different from SortedSetCopyManualForeach - Package;2.220446049250313E-16
ImmutableHashSetCopyManualForeach significantly different from SortedSetCopyManualForeach - DRAM;2.220446049250313E-16
ImmutableHashSetCopyManualForeach significantly different from SortedSetCopyManualFor - Time;2.220446049250313E-16
ImmutableHashSetCopyManualForeach significantly different from SortedSetCopyManualFor - Package;2.220446049250313E-16
ImmutableHashSetCopyManualForeach significantly different from SortedSetCopyManualFor - DRAM;2.220446049250313E-16
ImmutableHashSetCopyManualFor significantly different from ImmutableSortedSetCopyManualForeach - Time;2.220446049250313E-16
ImmutableHashSetCopyManualFor significantly different from ImmutableSortedSetCopyManualForeach - Package;2.220446049250313E-16
ImmutableHashSetCopyManualFor significantly different from ImmutableSortedSetCopyManualForeach - DRAM;2.220446049250313E-16
ImmutableHashSetCopyManualFor significantly different from ImmutableSortedSetCopyManualFor - Time;2.220446049250313E-16
ImmutableHashSetCopyManualFor significantly different from ImmutableSortedSetCopyManualFor - Package;2.220446049250313E-16
ImmutableHashSetCopyManualFor significantly different from ImmutableSortedSetCopyManualFor - DRAM;2.220446049250313E-16
ImmutableHashSetCopyManualFor significantly different from SortedSetCopyManualForeach - Time;2.220446049250313E-16
ImmutableHashSetCopyManualFor significantly different from SortedSetCopyManualForeach - Package;2.220446049250313E-16
ImmutableHashSetCopyManualFor significantly different from SortedSetCopyManualForeach - DRAM;2.220446049250313E-16
ImmutableHashSetCopyManualFor significantly different from SortedSetCopyManualFor - Time;2.220446049250313E-16
ImmutableHashSetCopyManualFor significantly different from SortedSetCopyManualFor - Package;2.220446049250313E-16
ImmutableHashSetCopyManualFor significantly different from SortedSetCopyManualFor - DRAM;2.220446049250313E-16
ImmutableSortedSetCopyManualForeach significantly different from ImmutableSortedSetCopyManualFor - Time;2.220446049250313E-16
ImmutableSortedSetCopyManualForeach significantly different from ImmutableSortedSetCopyManualFor - Package;2.220446049250313E-16
ImmutableSortedSetCopyManualForeach significantly different from ImmutableSortedSetCopyManualFor - DRAM;2.220446049250313E-16
ImmutableSortedSetCopyManualForeach significantly different from SortedSetCopyManualForeach - Time;2.220446049250313E-16
ImmutableSortedSetCopyManualForeach significantly different from SortedSetCopyManualForeach - Package;2.220446049250313E-16
ImmutableSortedSetCopyManualForeach significantly different from SortedSetCopyManualForeach - DRAM;2.220446049250313E-16
ImmutableSortedSetCopyManualForeach significantly different from SortedSetCopyManualFor - Time;2.220446049250313E-16
ImmutableSortedSetCopyManualForeach significantly different from SortedSetCopyManualFor - Package;2.220446049250313E-16
ImmutableSortedSetCopyManualForeach significantly different from SortedSetCopyManualFor - DRAM;2.220446049250313E-16
ImmutableSortedSetCopyManualFor significantly different from SortedSetCopyManualForeach - Time;2.220446049250313E-16
ImmutableSortedSetCopyManualFor significantly different from SortedSetCopyManualForeach - Package;2.220446049250313E-16
ImmutableSortedSetCopyManualFor significantly different from SortedSetCopyManualForeach - DRAM;2.220446049250313E-16
ImmutableSortedSetCopyManualFor significantly different from SortedSetCopyManualFor - Time;2.220446049250313E-16
ImmutableSortedSetCopyManualFor significantly different from SortedSetCopyManualFor - Package;2.220446049250313E-16
ImmutableSortedSetCopyManualFor significantly different from SortedSetCopyManualFor - DRAM;2.220446049250313E-16
SortedSetCopyManualForeach significantly different from SortedSetCopyManualFor - Time;2.220446049250313E-16
SortedSetCopyManualForeach significantly different from SortedSetCopyManualFor - Package;2.220446049250313E-16
SortedSetCopyManualForeach significantly different from SortedSetCopyManualFor - DRAM;2.220446049250313E-16
