Key;Value
ConcurrentDictionaryCopyManualForeach significantly different from ConcurrentDictionaryCopyManualForeachIndex - Time;5.708766792622555E-13
ConcurrentDictionaryCopyManualForeach significantly different from ConcurrentDictionaryCopyManualForeachIndex - Package;3.0464519795714295E-12
ConcurrentDictionaryCopyManualForeach significantly different from ConcurrentDictionaryCopyManualForeachIndex - DRAM;2.05613304160579E-12
ConcurrentDictionaryCopyManualForeach significantly different from ConcurrentDictionaryCopyManualForeachDeconstruct - Time;0.019424895582912383
ConcurrentDictionaryCopyManualForeach significantly different from ConcurrentDictionaryCopyManualForeachDeconstruct - Package;1.8453388639372292E-07
ConcurrentDictionaryCopyManualForeach significantly different from ConcurrentDictionaryCopyManualForeachDeconstruct - DRAM;0.016010130225558195
ConcurrentDictionaryCopyManualForeach significantly different from DictionaryCopyManualForeach - Time;2.220446049250313E-16
ConcurrentDictionaryCopyManualForeach significantly different from DictionaryCopyManualForeach - Package;2.220446049250313E-16
ConcurrentDictionaryCopyManualForeach significantly different from DictionaryCopyManualForeach - DRAM;2.220446049250313E-16
ConcurrentDictionaryCopyManualForeach significantly different from DictionaryCopyManualForeachIndex - Time;2.220446049250313E-16
ConcurrentDictionaryCopyManualForeach significantly different from DictionaryCopyManualForeachIndex - Package;2.220446049250313E-16
ConcurrentDictionaryCopyManualForeach significantly different from DictionaryCopyManualForeachIndex - DRAM;2.220446049250313E-16
ConcurrentDictionaryCopyManualForeach significantly different from DictionaryCopyManualForeachDeconstruct - Time;2.220446049250313E-16
ConcurrentDictionaryCopyManualForeach significantly different from DictionaryCopyManualForeachDeconstruct - Package;2.220446049250313E-16
ConcurrentDictionaryCopyManualForeach significantly different from DictionaryCopyManualForeachDeconstruct - DRAM;2.220446049250313E-16
ConcurrentDictionaryCopyManualForeach significantly different from HashtableCopyManualForeach - Time;2.220446049250313E-16
ConcurrentDictionaryCopyManualForeach significantly different from HashtableCopyManualForeach - Package;2.220446049250313E-16
ConcurrentDictionaryCopyManualForeach significantly different from HashtableCopyManualForeach - DRAM;2.220446049250313E-16
ConcurrentDictionaryCopyManualForeach significantly different from HashtableCopyManualForeachIndex - Time;2.220446049250313E-16
ConcurrentDictionaryCopyManualForeach significantly different from HashtableCopyManualForeachIndex - Package;0.004120163834907542
ConcurrentDictionaryCopyManualForeach significantly different from HashtableCopyManualForeachIndex - DRAM;8.881784197001252E-16
ConcurrentDictionaryCopyManualForeach significantly different from ImmutableDictionaryCopyManualForeach - Time;2.220446049250313E-16
ConcurrentDictionaryCopyManualForeach significantly different from ImmutableDictionaryCopyManualForeach - Package;2.220446049250313E-16
ConcurrentDictionaryCopyManualForeach significantly different from ImmutableDictionaryCopyManualForeach - DRAM;2.220446049250313E-16
ConcurrentDictionaryCopyManualForeach significantly different from ImmutableDictionaryCopyManualForeachIndex - Time;2.220446049250313E-16
ConcurrentDictionaryCopyManualForeach significantly different from ImmutableDictionaryCopyManualForeachIndex - Package;2.220446049250313E-16
ConcurrentDictionaryCopyManualForeach significantly different from ImmutableDictionaryCopyManualForeachIndex - DRAM;2.220446049250313E-16
ConcurrentDictionaryCopyManualForeach significantly different from ImmutableDictionaryCopyManualForeachDeconstruct - Time;2.220446049250313E-16
ConcurrentDictionaryCopyManualForeach significantly different from ImmutableDictionaryCopyManualForeachDeconstruct - Package;2.220446049250313E-16
ConcurrentDictionaryCopyManualForeach significantly different from ImmutableDictionaryCopyManualForeachDeconstruct - DRAM;2.220446049250313E-16
ConcurrentDictionaryCopyManualForeach significantly different from ImmutableSortedDictionaryCopyManualForeach - Time;2.220446049250313E-16
ConcurrentDictionaryCopyManualForeach significantly different from ImmutableSortedDictionaryCopyManualForeach - Package;2.220446049250313E-16
ConcurrentDictionaryCopyManualForeach significantly different from ImmutableSortedDictionaryCopyManualForeach - DRAM;2.220446049250313E-16
ConcurrentDictionaryCopyManualForeach significantly different from ImmutableSortedDictionaryCopyManualForeachIndex - Time;2.220446049250313E-16
ConcurrentDictionaryCopyManualForeach significantly different from ImmutableSortedDictionaryCopyManualForeachIndex - Package;2.220446049250313E-16
ConcurrentDictionaryCopyManualForeach significantly different from ImmutableSortedDictionaryCopyManualForeachIndex - DRAM;2.220446049250313E-16
ConcurrentDictionaryCopyManualForeach significantly different from ImmutableSortedDictionaryCopyManualForeachDeconstruct - Time;2.220446049250313E-16
ConcurrentDictionaryCopyManualForeach significantly different from ImmutableSortedDictionaryCopyManualForeachDeconstruct - Package;2.220446049250313E-16
ConcurrentDictionaryCopyManualForeach significantly different from ImmutableSortedDictionaryCopyManualForeachDeconstruct - DRAM;2.220446049250313E-16
ConcurrentDictionaryCopyManualForeach significantly different from SortedDictionaryCopyManualForeach - Time;2.220446049250313E-16
ConcurrentDictionaryCopyManualForeach significantly different from SortedDictionaryCopyManualForeach - Package;2.220446049250313E-16
ConcurrentDictionaryCopyManualForeach significantly different from SortedDictionaryCopyManualForeach - DRAM;2.220446049250313E-16
ConcurrentDictionaryCopyManualForeach significantly different from SortedDictionaryCopyManualForeachIndex - Time;2.220446049250313E-16
ConcurrentDictionaryCopyManualForeach significantly different from SortedDictionaryCopyManualForeachIndex - Package;2.220446049250313E-16
ConcurrentDictionaryCopyManualForeach significantly different from SortedDictionaryCopyManualForeachIndex - DRAM;2.220446049250313E-16
ConcurrentDictionaryCopyManualForeach significantly different from SortedDictionaryCopyManualForeachDeconstruct - Time;2.220446049250313E-16
ConcurrentDictionaryCopyManualForeach significantly different from SortedDictionaryCopyManualForeachDeconstruct - Package;2.220446049250313E-16
ConcurrentDictionaryCopyManualForeach significantly different from SortedDictionaryCopyManualForeachDeconstruct - DRAM;2.220446049250313E-16
ConcurrentDictionaryCopyManualForeach significantly different from SortedListCopyManualForeach - Time;2.220446049250313E-16
ConcurrentDictionaryCopyManualForeach significantly different from SortedListCopyManualForeach - Package;2.220446049250313E-16
ConcurrentDictionaryCopyManualForeach significantly different from SortedListCopyManualForeach - DRAM;2.220446049250313E-16
ConcurrentDictionaryCopyManualForeach significantly different from SortedListCopyManualForeachIndex - Time;2.220446049250313E-16
ConcurrentDictionaryCopyManualForeach significantly different from SortedListCopyManualForeachIndex - Package;2.220446049250313E-16
ConcurrentDictionaryCopyManualForeach significantly different from SortedListCopyManualForeachIndex - DRAM;2.220446049250313E-16
ConcurrentDictionaryCopyManualForeach significantly different from SortedListCopyManualForeachDeconstruct - Time;2.220446049250313E-16
ConcurrentDictionaryCopyManualForeach significantly different from SortedListCopyManualForeachDeconstruct - Package;2.220446049250313E-16
ConcurrentDictionaryCopyManualForeach significantly different from SortedListCopyManualForeachDeconstruct - DRAM;2.220446049250313E-16
ConcurrentDictionaryCopyManualForeachIndex significantly different from ConcurrentDictionaryCopyManualForeachDeconstruct - Time;2.220446049250313E-16
ConcurrentDictionaryCopyManualForeachIndex significantly different from ConcurrentDictionaryCopyManualForeachDeconstruct - Package;7.427540959747958E-05
ConcurrentDictionaryCopyManualForeachIndex significantly different from ConcurrentDictionaryCopyManualForeachDeconstruct - DRAM;1.1683987111155147E-12
ConcurrentDictionaryCopyManualForeachIndex significantly different from DictionaryCopyManualForeach - Time;2.220446049250313E-16
ConcurrentDictionaryCopyManualForeachIndex significantly different from DictionaryCopyManualForeach - Package;2.220446049250313E-16
ConcurrentDictionaryCopyManualForeachIndex significantly different from DictionaryCopyManualForeach - DRAM;2.220446049250313E-16
ConcurrentDictionaryCopyManualForeachIndex significantly different from DictionaryCopyManualForeachIndex - Time;2.220446049250313E-16
ConcurrentDictionaryCopyManualForeachIndex significantly different from DictionaryCopyManualForeachIndex - Package;2.220446049250313E-16
ConcurrentDictionaryCopyManualForeachIndex significantly different from DictionaryCopyManualForeachIndex - DRAM;2.220446049250313E-16
ConcurrentDictionaryCopyManualForeachIndex significantly different from DictionaryCopyManualForeachDeconstruct - Time;2.220446049250313E-16
ConcurrentDictionaryCopyManualForeachIndex significantly different from DictionaryCopyManualForeachDeconstruct - Package;2.220446049250313E-16
ConcurrentDictionaryCopyManualForeachIndex significantly different from DictionaryCopyManualForeachDeconstruct - DRAM;2.220446049250313E-16
ConcurrentDictionaryCopyManualForeachIndex significantly different from HashtableCopyManualForeach - Time;2.220446049250313E-16
ConcurrentDictionaryCopyManualForeachIndex significantly different from HashtableCopyManualForeach - Package;2.220446049250313E-16
ConcurrentDictionaryCopyManualForeachIndex significantly different from HashtableCopyManualForeach - DRAM;2.220446049250313E-16
ConcurrentDictionaryCopyManualForeachIndex significantly different from HashtableCopyManualForeachIndex - Time;2.220446049250313E-16
ConcurrentDictionaryCopyManualForeachIndex significantly different from HashtableCopyManualForeachIndex - Package;1.603653876358635E-09
ConcurrentDictionaryCopyManualForeachIndex significantly different from HashtableCopyManualForeachIndex - DRAM;2.220446049250313E-16
ConcurrentDictionaryCopyManualForeachIndex significantly different from ImmutableDictionaryCopyManualForeach - Time;2.220446049250313E-16
ConcurrentDictionaryCopyManualForeachIndex significantly different from ImmutableDictionaryCopyManualForeach - Package;2.220446049250313E-16
ConcurrentDictionaryCopyManualForeachIndex significantly different from ImmutableDictionaryCopyManualForeach - DRAM;2.220446049250313E-16
ConcurrentDictionaryCopyManualForeachIndex significantly different from ImmutableDictionaryCopyManualForeachIndex - Time;2.220446049250313E-16
ConcurrentDictionaryCopyManualForeachIndex significantly different from ImmutableDictionaryCopyManualForeachIndex - Package;2.220446049250313E-16
ConcurrentDictionaryCopyManualForeachIndex significantly different from ImmutableDictionaryCopyManualForeachIndex - DRAM;2.220446049250313E-16
ConcurrentDictionaryCopyManualForeachIndex significantly different from ImmutableDictionaryCopyManualForeachDeconstruct - Time;2.220446049250313E-16
ConcurrentDictionaryCopyManualForeachIndex significantly different from ImmutableDictionaryCopyManualForeachDeconstruct - Package;2.220446049250313E-16
ConcurrentDictionaryCopyManualForeachIndex significantly different from ImmutableDictionaryCopyManualForeachDeconstruct - DRAM;2.220446049250313E-16
ConcurrentDictionaryCopyManualForeachIndex significantly different from ImmutableSortedDictionaryCopyManualForeach - Time;2.220446049250313E-16
ConcurrentDictionaryCopyManualForeachIndex significantly different from ImmutableSortedDictionaryCopyManualForeach - Package;2.220446049250313E-16
ConcurrentDictionaryCopyManualForeachIndex significantly different from ImmutableSortedDictionaryCopyManualForeach - DRAM;2.220446049250313E-16
ConcurrentDictionaryCopyManualForeachIndex significantly different from ImmutableSortedDictionaryCopyManualForeachIndex - Time;2.220446049250313E-16
ConcurrentDictionaryCopyManualForeachIndex significantly different from ImmutableSortedDictionaryCopyManualForeachIndex - Package;2.220446049250313E-16
ConcurrentDictionaryCopyManualForeachIndex significantly different from ImmutableSortedDictionaryCopyManualForeachIndex - DRAM;2.220446049250313E-16
ConcurrentDictionaryCopyManualForeachIndex significantly different from ImmutableSortedDictionaryCopyManualForeachDeconstruct - Time;2.220446049250313E-16
ConcurrentDictionaryCopyManualForeachIndex significantly different from ImmutableSortedDictionaryCopyManualForeachDeconstruct - Package;2.220446049250313E-16
ConcurrentDictionaryCopyManualForeachIndex significantly different from ImmutableSortedDictionaryCopyManualForeachDeconstruct - DRAM;2.220446049250313E-16
ConcurrentDictionaryCopyManualForeachIndex significantly different from SortedDictionaryCopyManualForeach - Time;2.220446049250313E-16
ConcurrentDictionaryCopyManualForeachIndex significantly different from SortedDictionaryCopyManualForeach - Package;2.220446049250313E-16
ConcurrentDictionaryCopyManualForeachIndex significantly different from SortedDictionaryCopyManualForeach - DRAM;2.220446049250313E-16
ConcurrentDictionaryCopyManualForeachIndex significantly different from SortedDictionaryCopyManualForeachIndex - Time;2.220446049250313E-16
ConcurrentDictionaryCopyManualForeachIndex significantly different from SortedDictionaryCopyManualForeachIndex - Package;2.220446049250313E-16
ConcurrentDictionaryCopyManualForeachIndex significantly different from SortedDictionaryCopyManualForeachIndex - DRAM;2.220446049250313E-16
ConcurrentDictionaryCopyManualForeachIndex significantly different from SortedDictionaryCopyManualForeachDeconstruct - Time;2.220446049250313E-16
ConcurrentDictionaryCopyManualForeachIndex significantly different from SortedDictionaryCopyManualForeachDeconstruct - Package;2.220446049250313E-16
ConcurrentDictionaryCopyManualForeachIndex significantly different from SortedDictionaryCopyManualForeachDeconstruct - DRAM;2.220446049250313E-16
ConcurrentDictionaryCopyManualForeachIndex significantly different from SortedListCopyManualForeach - Time;2.220446049250313E-16
ConcurrentDictionaryCopyManualForeachIndex significantly different from SortedListCopyManualForeach - Package;2.220446049250313E-16
ConcurrentDictionaryCopyManualForeachIndex significantly different from SortedListCopyManualForeach - DRAM;2.220446049250313E-16
ConcurrentDictionaryCopyManualForeachIndex significantly different from SortedListCopyManualForeachIndex - Time;2.220446049250313E-16
ConcurrentDictionaryCopyManualForeachIndex significantly different from SortedListCopyManualForeachIndex - Package;0.0007581893698487274
ConcurrentDictionaryCopyManualForeachIndex significantly different from SortedListCopyManualForeachIndex - DRAM;2.220446049250313E-16
ConcurrentDictionaryCopyManualForeachIndex significantly different from SortedListCopyManualForeachDeconstruct - Time;2.220446049250313E-16
ConcurrentDictionaryCopyManualForeachIndex significantly different from SortedListCopyManualForeachDeconstruct - Package;2.220446049250313E-16
ConcurrentDictionaryCopyManualForeachIndex significantly different from SortedListCopyManualForeachDeconstruct - DRAM;2.220446049250313E-16
ConcurrentDictionaryCopyManualForeachDeconstruct significantly different from DictionaryCopyManualForeach - Time;2.220446049250313E-16
ConcurrentDictionaryCopyManualForeachDeconstruct significantly different from DictionaryCopyManualForeach - Package;2.220446049250313E-16
ConcurrentDictionaryCopyManualForeachDeconstruct significantly different from DictionaryCopyManualForeach - DRAM;2.220446049250313E-16
ConcurrentDictionaryCopyManualForeachDeconstruct significantly different from DictionaryCopyManualForeachIndex - Time;2.220446049250313E-16
ConcurrentDictionaryCopyManualForeachDeconstruct significantly different from DictionaryCopyManualForeachIndex - Package;2.220446049250313E-16
ConcurrentDictionaryCopyManualForeachDeconstruct significantly different from DictionaryCopyManualForeachIndex - DRAM;2.220446049250313E-16
ConcurrentDictionaryCopyManualForeachDeconstruct significantly different from DictionaryCopyManualForeachDeconstruct - Time;2.220446049250313E-16
ConcurrentDictionaryCopyManualForeachDeconstruct significantly different from DictionaryCopyManualForeachDeconstruct - Package;2.220446049250313E-16
ConcurrentDictionaryCopyManualForeachDeconstruct significantly different from DictionaryCopyManualForeachDeconstruct - DRAM;2.220446049250313E-16
ConcurrentDictionaryCopyManualForeachDeconstruct significantly different from HashtableCopyManualForeach - Time;2.220446049250313E-16
ConcurrentDictionaryCopyManualForeachDeconstruct significantly different from HashtableCopyManualForeach - Package;2.220446049250313E-16
ConcurrentDictionaryCopyManualForeachDeconstruct significantly different from HashtableCopyManualForeach - DRAM;2.220446049250313E-16
ConcurrentDictionaryCopyManualForeachDeconstruct significantly different from HashtableCopyManualForeachIndex - Time;2.220446049250313E-16
ConcurrentDictionaryCopyManualForeachDeconstruct significantly different from HashtableCopyManualForeachIndex - Package;0.00018239611281734014
ConcurrentDictionaryCopyManualForeachDeconstruct significantly different from HashtableCopyManualForeachIndex - DRAM;2.220446049250313E-16
ConcurrentDictionaryCopyManualForeachDeconstruct significantly different from ImmutableDictionaryCopyManualForeach - Time;2.220446049250313E-16
ConcurrentDictionaryCopyManualForeachDeconstruct significantly different from ImmutableDictionaryCopyManualForeach - Package;2.220446049250313E-16
ConcurrentDictionaryCopyManualForeachDeconstruct significantly different from ImmutableDictionaryCopyManualForeach - DRAM;2.220446049250313E-16
ConcurrentDictionaryCopyManualForeachDeconstruct significantly different from ImmutableDictionaryCopyManualForeachIndex - Time;2.220446049250313E-16
ConcurrentDictionaryCopyManualForeachDeconstruct significantly different from ImmutableDictionaryCopyManualForeachIndex - Package;2.220446049250313E-16
ConcurrentDictionaryCopyManualForeachDeconstruct significantly different from ImmutableDictionaryCopyManualForeachIndex - DRAM;2.220446049250313E-16
ConcurrentDictionaryCopyManualForeachDeconstruct significantly different from ImmutableDictionaryCopyManualForeachDeconstruct - Time;2.220446049250313E-16
ConcurrentDictionaryCopyManualForeachDeconstruct significantly different from ImmutableDictionaryCopyManualForeachDeconstruct - Package;2.220446049250313E-16
ConcurrentDictionaryCopyManualForeachDeconstruct significantly different from ImmutableDictionaryCopyManualForeachDeconstruct - DRAM;2.220446049250313E-16
ConcurrentDictionaryCopyManualForeachDeconstruct significantly different from ImmutableSortedDictionaryCopyManualForeach - Time;2.220446049250313E-16
ConcurrentDictionaryCopyManualForeachDeconstruct significantly different from ImmutableSortedDictionaryCopyManualForeach - Package;2.220446049250313E-16
ConcurrentDictionaryCopyManualForeachDeconstruct significantly different from ImmutableSortedDictionaryCopyManualForeach - DRAM;2.220446049250313E-16
ConcurrentDictionaryCopyManualForeachDeconstruct significantly different from ImmutableSortedDictionaryCopyManualForeachIndex - Time;2.220446049250313E-16
ConcurrentDictionaryCopyManualForeachDeconstruct significantly different from ImmutableSortedDictionaryCopyManualForeachIndex - Package;2.220446049250313E-16
ConcurrentDictionaryCopyManualForeachDeconstruct significantly different from ImmutableSortedDictionaryCopyManualForeachIndex - DRAM;2.220446049250313E-16
ConcurrentDictionaryCopyManualForeachDeconstruct significantly different from ImmutableSortedDictionaryCopyManualForeachDeconstruct - Time;2.220446049250313E-16
ConcurrentDictionaryCopyManualForeachDeconstruct significantly different from ImmutableSortedDictionaryCopyManualForeachDeconstruct - Package;2.220446049250313E-16
ConcurrentDictionaryCopyManualForeachDeconstruct significantly different from ImmutableSortedDictionaryCopyManualForeachDeconstruct - DRAM;2.220446049250313E-16
ConcurrentDictionaryCopyManualForeachDeconstruct significantly different from SortedDictionaryCopyManualForeach - Time;2.220446049250313E-16
ConcurrentDictionaryCopyManualForeachDeconstruct significantly different from SortedDictionaryCopyManualForeach - Package;2.220446049250313E-16
ConcurrentDictionaryCopyManualForeachDeconstruct significantly different from SortedDictionaryCopyManualForeach - DRAM;2.220446049250313E-16
ConcurrentDictionaryCopyManualForeachDeconstruct significantly different from SortedDictionaryCopyManualForeachIndex - Time;2.220446049250313E-16
ConcurrentDictionaryCopyManualForeachDeconstruct significantly different from SortedDictionaryCopyManualForeachIndex - Package;2.220446049250313E-16
ConcurrentDictionaryCopyManualForeachDeconstruct significantly different from SortedDictionaryCopyManualForeachIndex - DRAM;2.220446049250313E-16
ConcurrentDictionaryCopyManualForeachDeconstruct significantly different from SortedDictionaryCopyManualForeachDeconstruct - Time;2.220446049250313E-16
ConcurrentDictionaryCopyManualForeachDeconstruct significantly different from SortedDictionaryCopyManualForeachDeconstruct - Package;2.220446049250313E-16
ConcurrentDictionaryCopyManualForeachDeconstruct significantly different from SortedDictionaryCopyManualForeachDeconstruct - DRAM;2.220446049250313E-16
ConcurrentDictionaryCopyManualForeachDeconstruct significantly different from SortedListCopyManualForeach - Time;2.220446049250313E-16
ConcurrentDictionaryCopyManualForeachDeconstruct significantly different from SortedListCopyManualForeach - Package;2.220446049250313E-16
ConcurrentDictionaryCopyManualForeachDeconstruct significantly different from SortedListCopyManualForeach - DRAM;2.220446049250313E-16
ConcurrentDictionaryCopyManualForeachDeconstruct significantly different from SortedListCopyManualForeachIndex - Time;2.220446049250313E-16
ConcurrentDictionaryCopyManualForeachDeconstruct significantly different from SortedListCopyManualForeachIndex - Package;4.137660858383185E-08
ConcurrentDictionaryCopyManualForeachDeconstruct significantly different from SortedListCopyManualForeachIndex - DRAM;2.220446049250313E-16
ConcurrentDictionaryCopyManualForeachDeconstruct significantly different from SortedListCopyManualForeachDeconstruct - Time;2.220446049250313E-16
ConcurrentDictionaryCopyManualForeachDeconstruct significantly different from SortedListCopyManualForeachDeconstruct - Package;2.220446049250313E-16
ConcurrentDictionaryCopyManualForeachDeconstruct significantly different from SortedListCopyManualForeachDeconstruct - DRAM;2.220446049250313E-16
DictionaryCopyManualForeach significantly different from DictionaryCopyManualForeachIndex - Time;2.220446049250313E-16
DictionaryCopyManualForeach significantly different from DictionaryCopyManualForeachIndex - Package;2.220446049250313E-16
DictionaryCopyManualForeach significantly different from DictionaryCopyManualForeachIndex - DRAM;2.220446049250313E-16
DictionaryCopyManualForeach significantly different from DictionaryCopyManualForeachDeconstruct - Time;0.032461792154912406
DictionaryCopyManualForeach significantly different from DictionaryCopyManualForeachDeconstruct - Package;0.00019842230876787603
DictionaryCopyManualForeach significantly different from DictionaryCopyManualForeachDeconstruct - DRAM;1.467325817738896E-06
DictionaryCopyManualForeach significantly different from HashtableCopyManualForeach - Time;2.220446049250313E-16
DictionaryCopyManualForeach significantly different from HashtableCopyManualForeach - Package;2.220446049250313E-16
DictionaryCopyManualForeach significantly different from HashtableCopyManualForeach - DRAM;2.220446049250313E-16
DictionaryCopyManualForeach significantly different from HashtableCopyManualForeachIndex - Time;2.220446049250313E-16
DictionaryCopyManualForeach significantly different from HashtableCopyManualForeachIndex - Package;2.220446049250313E-16
DictionaryCopyManualForeach significantly different from HashtableCopyManualForeachIndex - DRAM;2.220446049250313E-16
DictionaryCopyManualForeach significantly different from ImmutableDictionaryCopyManualForeach - Time;2.220446049250313E-16
DictionaryCopyManualForeach significantly different from ImmutableDictionaryCopyManualForeach - Package;2.220446049250313E-16
DictionaryCopyManualForeach significantly different from ImmutableDictionaryCopyManualForeach - DRAM;2.220446049250313E-16
DictionaryCopyManualForeach significantly different from ImmutableDictionaryCopyManualForeachIndex - Time;2.220446049250313E-16
DictionaryCopyManualForeach significantly different from ImmutableDictionaryCopyManualForeachIndex - Package;2.220446049250313E-16
DictionaryCopyManualForeach significantly different from ImmutableDictionaryCopyManualForeachIndex - DRAM;2.220446049250313E-16
DictionaryCopyManualForeach significantly different from ImmutableDictionaryCopyManualForeachDeconstruct - Time;2.220446049250313E-16
DictionaryCopyManualForeach significantly different from ImmutableDictionaryCopyManualForeachDeconstruct - Package;2.220446049250313E-16
DictionaryCopyManualForeach significantly different from ImmutableDictionaryCopyManualForeachDeconstruct - DRAM;2.220446049250313E-16
DictionaryCopyManualForeach significantly different from ImmutableSortedDictionaryCopyManualForeach - Time;2.220446049250313E-16
DictionaryCopyManualForeach significantly different from ImmutableSortedDictionaryCopyManualForeach - Package;2.220446049250313E-16
DictionaryCopyManualForeach significantly different from ImmutableSortedDictionaryCopyManualForeach - DRAM;2.220446049250313E-16
DictionaryCopyManualForeach significantly different from ImmutableSortedDictionaryCopyManualForeachIndex - Time;2.220446049250313E-16
DictionaryCopyManualForeach significantly different from ImmutableSortedDictionaryCopyManualForeachIndex - Package;2.220446049250313E-16
DictionaryCopyManualForeach significantly different from ImmutableSortedDictionaryCopyManualForeachIndex - DRAM;2.220446049250313E-16
DictionaryCopyManualForeach significantly different from ImmutableSortedDictionaryCopyManualForeachDeconstruct - Time;2.220446049250313E-16
DictionaryCopyManualForeach significantly different from ImmutableSortedDictionaryCopyManualForeachDeconstruct - Package;2.220446049250313E-16
DictionaryCopyManualForeach significantly different from ImmutableSortedDictionaryCopyManualForeachDeconstruct - DRAM;2.220446049250313E-16
DictionaryCopyManualForeach significantly different from SortedDictionaryCopyManualForeach - Time;2.220446049250313E-16
DictionaryCopyManualForeach significantly different from SortedDictionaryCopyManualForeach - Package;2.220446049250313E-16
DictionaryCopyManualForeach significantly different from SortedDictionaryCopyManualForeach - DRAM;2.220446049250313E-16
DictionaryCopyManualForeach significantly different from SortedDictionaryCopyManualForeachIndex - Time;2.220446049250313E-16
DictionaryCopyManualForeach significantly different from SortedDictionaryCopyManualForeachIndex - Package;2.220446049250313E-16
DictionaryCopyManualForeach significantly different from SortedDictionaryCopyManualForeachIndex - DRAM;2.220446049250313E-16
DictionaryCopyManualForeach significantly different from SortedDictionaryCopyManualForeachDeconstruct - Time;2.220446049250313E-16
DictionaryCopyManualForeach significantly different from SortedDictionaryCopyManualForeachDeconstruct - Package;2.220446049250313E-16
DictionaryCopyManualForeach significantly different from SortedDictionaryCopyManualForeachDeconstruct - DRAM;2.220446049250313E-16
DictionaryCopyManualForeach significantly different from SortedListCopyManualForeach - Time;2.220446049250313E-16
DictionaryCopyManualForeach significantly different from SortedListCopyManualForeach - Package;2.220446049250313E-16
DictionaryCopyManualForeach significantly different from SortedListCopyManualForeach - DRAM;2.220446049250313E-16
DictionaryCopyManualForeach significantly different from SortedListCopyManualForeachIndex - Time;2.220446049250313E-16
DictionaryCopyManualForeach significantly different from SortedListCopyManualForeachIndex - Package;2.220446049250313E-16
DictionaryCopyManualForeach significantly different from SortedListCopyManualForeachIndex - DRAM;2.220446049250313E-16
DictionaryCopyManualForeach significantly different from SortedListCopyManualForeachDeconstruct - Time;2.220446049250313E-16
DictionaryCopyManualForeach significantly different from SortedListCopyManualForeachDeconstruct - Package;2.220446049250313E-16
DictionaryCopyManualForeach significantly different from SortedListCopyManualForeachDeconstruct - DRAM;2.220446049250313E-16
DictionaryCopyManualForeachIndex significantly different from DictionaryCopyManualForeachDeconstruct - Time;2.220446049250313E-16
DictionaryCopyManualForeachIndex significantly different from DictionaryCopyManualForeachDeconstruct - Package;2.220446049250313E-16
DictionaryCopyManualForeachIndex significantly different from DictionaryCopyManualForeachDeconstruct - DRAM;2.220446049250313E-16
DictionaryCopyManualForeachIndex significantly different from HashtableCopyManualForeach - Time;2.220446049250313E-16
DictionaryCopyManualForeachIndex significantly different from HashtableCopyManualForeach - Package;2.220446049250313E-16
DictionaryCopyManualForeachIndex significantly different from HashtableCopyManualForeach - DRAM;2.220446049250313E-16
DictionaryCopyManualForeachIndex significantly different from HashtableCopyManualForeachIndex - Time;2.220446049250313E-16
DictionaryCopyManualForeachIndex significantly different from HashtableCopyManualForeachIndex - Package;2.220446049250313E-16
DictionaryCopyManualForeachIndex significantly different from HashtableCopyManualForeachIndex - DRAM;2.220446049250313E-16
DictionaryCopyManualForeachIndex significantly different from ImmutableDictionaryCopyManualForeach - Time;2.220446049250313E-16
DictionaryCopyManualForeachIndex significantly different from ImmutableDictionaryCopyManualForeach - Package;2.220446049250313E-16
DictionaryCopyManualForeachIndex significantly different from ImmutableDictionaryCopyManualForeach - DRAM;2.220446049250313E-16
DictionaryCopyManualForeachIndex significantly different from ImmutableDictionaryCopyManualForeachIndex - Time;2.220446049250313E-16
DictionaryCopyManualForeachIndex significantly different from ImmutableDictionaryCopyManualForeachIndex - Package;2.220446049250313E-16
DictionaryCopyManualForeachIndex significantly different from ImmutableDictionaryCopyManualForeachIndex - DRAM;2.220446049250313E-16
DictionaryCopyManualForeachIndex significantly different from ImmutableDictionaryCopyManualForeachDeconstruct - Time;2.220446049250313E-16
DictionaryCopyManualForeachIndex significantly different from ImmutableDictionaryCopyManualForeachDeconstruct - Package;2.220446049250313E-16
DictionaryCopyManualForeachIndex significantly different from ImmutableDictionaryCopyManualForeachDeconstruct - DRAM;2.220446049250313E-16
DictionaryCopyManualForeachIndex significantly different from ImmutableSortedDictionaryCopyManualForeach - Time;2.220446049250313E-16
DictionaryCopyManualForeachIndex significantly different from ImmutableSortedDictionaryCopyManualForeach - Package;2.220446049250313E-16
DictionaryCopyManualForeachIndex significantly different from ImmutableSortedDictionaryCopyManualForeach - DRAM;2.220446049250313E-16
DictionaryCopyManualForeachIndex significantly different from ImmutableSortedDictionaryCopyManualForeachIndex - Time;2.220446049250313E-16
DictionaryCopyManualForeachIndex significantly different from ImmutableSortedDictionaryCopyManualForeachIndex - Package;2.220446049250313E-16
DictionaryCopyManualForeachIndex significantly different from ImmutableSortedDictionaryCopyManualForeachIndex - DRAM;2.220446049250313E-16
DictionaryCopyManualForeachIndex significantly different from ImmutableSortedDictionaryCopyManualForeachDeconstruct - Time;2.220446049250313E-16
DictionaryCopyManualForeachIndex significantly different from ImmutableSortedDictionaryCopyManualForeachDeconstruct - Package;2.220446049250313E-16
DictionaryCopyManualForeachIndex significantly different from ImmutableSortedDictionaryCopyManualForeachDeconstruct - DRAM;2.220446049250313E-16
DictionaryCopyManualForeachIndex significantly different from SortedDictionaryCopyManualForeach - Time;2.220446049250313E-16
DictionaryCopyManualForeachIndex significantly different from SortedDictionaryCopyManualForeach - Package;2.220446049250313E-16
DictionaryCopyManualForeachIndex significantly different from SortedDictionaryCopyManualForeach - DRAM;2.220446049250313E-16
DictionaryCopyManualForeachIndex significantly different from SortedDictionaryCopyManualForeachIndex - Time;2.220446049250313E-16
DictionaryCopyManualForeachIndex significantly different from SortedDictionaryCopyManualForeachIndex - Package;2.220446049250313E-16
DictionaryCopyManualForeachIndex significantly different from SortedDictionaryCopyManualForeachIndex - DRAM;2.220446049250313E-16
DictionaryCopyManualForeachIndex significantly different from SortedDictionaryCopyManualForeachDeconstruct - Time;2.220446049250313E-16
DictionaryCopyManualForeachIndex significantly different from SortedDictionaryCopyManualForeachDeconstruct - Package;2.220446049250313E-16
DictionaryCopyManualForeachIndex significantly different from SortedDictionaryCopyManualForeachDeconstruct - DRAM;2.220446049250313E-16
DictionaryCopyManualForeachIndex significantly different from SortedListCopyManualForeach - Time;2.220446049250313E-16
DictionaryCopyManualForeachIndex significantly different from SortedListCopyManualForeach - Package;2.220446049250313E-16
DictionaryCopyManualForeachIndex significantly different from SortedListCopyManualForeach - DRAM;2.220446049250313E-16
DictionaryCopyManualForeachIndex significantly different from SortedListCopyManualForeachIndex - Time;2.220446049250313E-16
DictionaryCopyManualForeachIndex significantly different from SortedListCopyManualForeachIndex - Package;2.220446049250313E-16
DictionaryCopyManualForeachIndex significantly different from SortedListCopyManualForeachIndex - DRAM;2.220446049250313E-16
DictionaryCopyManualForeachIndex significantly different from SortedListCopyManualForeachDeconstruct - Time;2.220446049250313E-16
DictionaryCopyManualForeachIndex significantly different from SortedListCopyManualForeachDeconstruct - Package;2.220446049250313E-16
DictionaryCopyManualForeachIndex significantly different from SortedListCopyManualForeachDeconstruct - DRAM;2.220446049250313E-16
DictionaryCopyManualForeachDeconstruct significantly different from HashtableCopyManualForeach - Time;2.220446049250313E-16
DictionaryCopyManualForeachDeconstruct significantly different from HashtableCopyManualForeach - Package;2.220446049250313E-16
DictionaryCopyManualForeachDeconstruct significantly different from HashtableCopyManualForeach - DRAM;2.220446049250313E-16
DictionaryCopyManualForeachDeconstruct significantly different from HashtableCopyManualForeachIndex - Time;2.220446049250313E-16
DictionaryCopyManualForeachDeconstruct significantly different from HashtableCopyManualForeachIndex - Package;2.220446049250313E-16
DictionaryCopyManualForeachDeconstruct significantly different from HashtableCopyManualForeachIndex - DRAM;2.220446049250313E-16
DictionaryCopyManualForeachDeconstruct significantly different from ImmutableDictionaryCopyManualForeach - Time;2.220446049250313E-16
DictionaryCopyManualForeachDeconstruct significantly different from ImmutableDictionaryCopyManualForeach - Package;2.220446049250313E-16
DictionaryCopyManualForeachDeconstruct significantly different from ImmutableDictionaryCopyManualForeach - DRAM;2.220446049250313E-16
DictionaryCopyManualForeachDeconstruct significantly different from ImmutableDictionaryCopyManualForeachIndex - Time;2.220446049250313E-16
DictionaryCopyManualForeachDeconstruct significantly different from ImmutableDictionaryCopyManualForeachIndex - Package;2.220446049250313E-16
DictionaryCopyManualForeachDeconstruct significantly different from ImmutableDictionaryCopyManualForeachIndex - DRAM;2.220446049250313E-16
DictionaryCopyManualForeachDeconstruct significantly different from ImmutableDictionaryCopyManualForeachDeconstruct - Time;2.220446049250313E-16
DictionaryCopyManualForeachDeconstruct significantly different from ImmutableDictionaryCopyManualForeachDeconstruct - Package;2.220446049250313E-16
DictionaryCopyManualForeachDeconstruct significantly different from ImmutableDictionaryCopyManualForeachDeconstruct - DRAM;2.220446049250313E-16
DictionaryCopyManualForeachDeconstruct significantly different from ImmutableSortedDictionaryCopyManualForeach - Time;2.220446049250313E-16
DictionaryCopyManualForeachDeconstruct significantly different from ImmutableSortedDictionaryCopyManualForeach - Package;2.220446049250313E-16
DictionaryCopyManualForeachDeconstruct significantly different from ImmutableSortedDictionaryCopyManualForeach - DRAM;2.220446049250313E-16
DictionaryCopyManualForeachDeconstruct significantly different from ImmutableSortedDictionaryCopyManualForeachIndex - Time;2.220446049250313E-16
DictionaryCopyManualForeachDeconstruct significantly different from ImmutableSortedDictionaryCopyManualForeachIndex - Package;2.220446049250313E-16
DictionaryCopyManualForeachDeconstruct significantly different from ImmutableSortedDictionaryCopyManualForeachIndex - DRAM;2.220446049250313E-16
DictionaryCopyManualForeachDeconstruct significantly different from ImmutableSortedDictionaryCopyManualForeachDeconstruct - Time;2.220446049250313E-16
DictionaryCopyManualForeachDeconstruct significantly different from ImmutableSortedDictionaryCopyManualForeachDeconstruct - Package;2.220446049250313E-16
DictionaryCopyManualForeachDeconstruct significantly different from ImmutableSortedDictionaryCopyManualForeachDeconstruct - DRAM;2.220446049250313E-16
DictionaryCopyManualForeachDeconstruct significantly different from SortedDictionaryCopyManualForeach - Time;2.220446049250313E-16
DictionaryCopyManualForeachDeconstruct significantly different from SortedDictionaryCopyManualForeach - Package;2.220446049250313E-16
DictionaryCopyManualForeachDeconstruct significantly different from SortedDictionaryCopyManualForeach - DRAM;2.220446049250313E-16
DictionaryCopyManualForeachDeconstruct significantly different from SortedDictionaryCopyManualForeachIndex - Time;2.220446049250313E-16
DictionaryCopyManualForeachDeconstruct significantly different from SortedDictionaryCopyManualForeachIndex - Package;2.220446049250313E-16
DictionaryCopyManualForeachDeconstruct significantly different from SortedDictionaryCopyManualForeachIndex - DRAM;2.220446049250313E-16
DictionaryCopyManualForeachDeconstruct significantly different from SortedDictionaryCopyManualForeachDeconstruct - Time;2.220446049250313E-16
DictionaryCopyManualForeachDeconstruct significantly different from SortedDictionaryCopyManualForeachDeconstruct - Package;2.220446049250313E-16
DictionaryCopyManualForeachDeconstruct significantly different from SortedDictionaryCopyManualForeachDeconstruct - DRAM;2.220446049250313E-16
DictionaryCopyManualForeachDeconstruct significantly different from SortedListCopyManualForeach - Time;2.220446049250313E-16
DictionaryCopyManualForeachDeconstruct significantly different from SortedListCopyManualForeach - Package;2.220446049250313E-16
DictionaryCopyManualForeachDeconstruct significantly different from SortedListCopyManualForeach - DRAM;2.220446049250313E-16
DictionaryCopyManualForeachDeconstruct significantly different from SortedListCopyManualForeachIndex - Time;2.220446049250313E-16
DictionaryCopyManualForeachDeconstruct significantly different from SortedListCopyManualForeachIndex - Package;2.220446049250313E-16
DictionaryCopyManualForeachDeconstruct significantly different from SortedListCopyManualForeachIndex - DRAM;2.220446049250313E-16
DictionaryCopyManualForeachDeconstruct significantly different from SortedListCopyManualForeachDeconstruct - Time;2.220446049250313E-16
DictionaryCopyManualForeachDeconstruct significantly different from SortedListCopyManualForeachDeconstruct - Package;2.220446049250313E-16
DictionaryCopyManualForeachDeconstruct significantly different from SortedListCopyManualForeachDeconstruct - DRAM;2.220446049250313E-16
HashtableCopyManualForeach significantly different from HashtableCopyManualForeachIndex - Time;2.220446049250313E-16
HashtableCopyManualForeach significantly different from HashtableCopyManualForeachIndex - Package;2.220446049250313E-16
HashtableCopyManualForeach significantly different from HashtableCopyManualForeachIndex - DRAM;2.220446049250313E-16
HashtableCopyManualForeach significantly different from ImmutableDictionaryCopyManualForeach - Time;2.220446049250313E-16
HashtableCopyManualForeach significantly different from ImmutableDictionaryCopyManualForeach - Package;2.220446049250313E-16
HashtableCopyManualForeach significantly different from ImmutableDictionaryCopyManualForeach - DRAM;2.220446049250313E-16
HashtableCopyManualForeach significantly different from ImmutableDictionaryCopyManualForeachIndex - Time;2.220446049250313E-16
HashtableCopyManualForeach significantly different from ImmutableDictionaryCopyManualForeachIndex - Package;2.220446049250313E-16
HashtableCopyManualForeach significantly different from ImmutableDictionaryCopyManualForeachIndex - DRAM;2.220446049250313E-16
HashtableCopyManualForeach significantly different from ImmutableDictionaryCopyManualForeachDeconstruct - Time;2.220446049250313E-16
HashtableCopyManualForeach significantly different from ImmutableDictionaryCopyManualForeachDeconstruct - Package;2.220446049250313E-16
HashtableCopyManualForeach significantly different from ImmutableDictionaryCopyManualForeachDeconstruct - DRAM;2.220446049250313E-16
HashtableCopyManualForeach significantly different from ImmutableSortedDictionaryCopyManualForeach - Time;2.220446049250313E-16
HashtableCopyManualForeach significantly different from ImmutableSortedDictionaryCopyManualForeach - Package;2.220446049250313E-16
HashtableCopyManualForeach significantly different from ImmutableSortedDictionaryCopyManualForeach - DRAM;2.220446049250313E-16
HashtableCopyManualForeach significantly different from ImmutableSortedDictionaryCopyManualForeachIndex - Time;2.220446049250313E-16
HashtableCopyManualForeach significantly different from ImmutableSortedDictionaryCopyManualForeachIndex - Package;2.220446049250313E-16
HashtableCopyManualForeach significantly different from ImmutableSortedDictionaryCopyManualForeachIndex - DRAM;2.220446049250313E-16
HashtableCopyManualForeach significantly different from ImmutableSortedDictionaryCopyManualForeachDeconstruct - Time;2.220446049250313E-16
HashtableCopyManualForeach significantly different from ImmutableSortedDictionaryCopyManualForeachDeconstruct - Package;2.220446049250313E-16
HashtableCopyManualForeach significantly different from ImmutableSortedDictionaryCopyManualForeachDeconstruct - DRAM;2.220446049250313E-16
HashtableCopyManualForeach significantly different from SortedDictionaryCopyManualForeach - Time;2.220446049250313E-16
HashtableCopyManualForeach significantly different from SortedDictionaryCopyManualForeach - Package;2.220446049250313E-16
HashtableCopyManualForeach significantly different from SortedDictionaryCopyManualForeach - DRAM;2.220446049250313E-16
HashtableCopyManualForeach significantly different from SortedDictionaryCopyManualForeachIndex - Time;2.220446049250313E-16
HashtableCopyManualForeach significantly different from SortedDictionaryCopyManualForeachIndex - Package;2.220446049250313E-16
HashtableCopyManualForeach significantly different from SortedDictionaryCopyManualForeachIndex - DRAM;2.220446049250313E-16
HashtableCopyManualForeach significantly different from SortedDictionaryCopyManualForeachDeconstruct - Time;2.220446049250313E-16
HashtableCopyManualForeach significantly different from SortedDictionaryCopyManualForeachDeconstruct - Package;2.220446049250313E-16
HashtableCopyManualForeach significantly different from SortedDictionaryCopyManualForeachDeconstruct - DRAM;2.220446049250313E-16
HashtableCopyManualForeach significantly different from SortedListCopyManualForeach - Time;2.220446049250313E-16
HashtableCopyManualForeach significantly different from SortedListCopyManualForeach - Package;2.220446049250313E-16
HashtableCopyManualForeach significantly different from SortedListCopyManualForeach - DRAM;2.220446049250313E-16
HashtableCopyManualForeach significantly different from SortedListCopyManualForeachIndex - Time;2.220446049250313E-16
HashtableCopyManualForeach significantly different from SortedListCopyManualForeachIndex - Package;2.220446049250313E-16
HashtableCopyManualForeach significantly different from SortedListCopyManualForeachIndex - DRAM;2.220446049250313E-16
HashtableCopyManualForeach significantly different from SortedListCopyManualForeachDeconstruct - Time;2.220446049250313E-16
HashtableCopyManualForeach significantly different from SortedListCopyManualForeachDeconstruct - Package;2.220446049250313E-16
HashtableCopyManualForeach significantly different from SortedListCopyManualForeachDeconstruct - DRAM;2.220446049250313E-16
HashtableCopyManualForeachIndex significantly different from ImmutableDictionaryCopyManualForeach - Time;2.220446049250313E-16
HashtableCopyManualForeachIndex significantly different from ImmutableDictionaryCopyManualForeach - Package;2.220446049250313E-16
HashtableCopyManualForeachIndex significantly different from ImmutableDictionaryCopyManualForeach - DRAM;2.220446049250313E-16
HashtableCopyManualForeachIndex significantly different from ImmutableDictionaryCopyManualForeachIndex - Time;2.220446049250313E-16
HashtableCopyManualForeachIndex significantly different from ImmutableDictionaryCopyManualForeachIndex - Package;2.220446049250313E-16
HashtableCopyManualForeachIndex significantly different from ImmutableDictionaryCopyManualForeachIndex - DRAM;2.220446049250313E-16
HashtableCopyManualForeachIndex significantly different from ImmutableDictionaryCopyManualForeachDeconstruct - Time;2.220446049250313E-16
HashtableCopyManualForeachIndex significantly different from ImmutableDictionaryCopyManualForeachDeconstruct - Package;2.220446049250313E-16
HashtableCopyManualForeachIndex significantly different from ImmutableDictionaryCopyManualForeachDeconstruct - DRAM;2.220446049250313E-16
HashtableCopyManualForeachIndex significantly different from ImmutableSortedDictionaryCopyManualForeach - Time;2.220446049250313E-16
HashtableCopyManualForeachIndex significantly different from ImmutableSortedDictionaryCopyManualForeach - Package;2.220446049250313E-16
HashtableCopyManualForeachIndex significantly different from ImmutableSortedDictionaryCopyManualForeach - DRAM;2.220446049250313E-16
HashtableCopyManualForeachIndex significantly different from ImmutableSortedDictionaryCopyManualForeachIndex - Time;2.220446049250313E-16
HashtableCopyManualForeachIndex significantly different from ImmutableSortedDictionaryCopyManualForeachIndex - Package;2.220446049250313E-16
HashtableCopyManualForeachIndex significantly different from ImmutableSortedDictionaryCopyManualForeachIndex - DRAM;2.220446049250313E-16
HashtableCopyManualForeachIndex significantly different from ImmutableSortedDictionaryCopyManualForeachDeconstruct - Time;2.220446049250313E-16
HashtableCopyManualForeachIndex significantly different from ImmutableSortedDictionaryCopyManualForeachDeconstruct - Package;2.220446049250313E-16
HashtableCopyManualForeachIndex significantly different from ImmutableSortedDictionaryCopyManualForeachDeconstruct - DRAM;2.220446049250313E-16
HashtableCopyManualForeachIndex significantly different from SortedDictionaryCopyManualForeach - Time;2.220446049250313E-16
HashtableCopyManualForeachIndex significantly different from SortedDictionaryCopyManualForeach - Package;2.220446049250313E-16
HashtableCopyManualForeachIndex significantly different from SortedDictionaryCopyManualForeach - DRAM;2.220446049250313E-16
HashtableCopyManualForeachIndex significantly different from SortedDictionaryCopyManualForeachIndex - Time;2.220446049250313E-16
HashtableCopyManualForeachIndex significantly different from SortedDictionaryCopyManualForeachIndex - Package;2.220446049250313E-16
HashtableCopyManualForeachIndex significantly different from SortedDictionaryCopyManualForeachIndex - DRAM;2.220446049250313E-16
HashtableCopyManualForeachIndex significantly different from SortedDictionaryCopyManualForeachDeconstruct - Time;2.220446049250313E-16
HashtableCopyManualForeachIndex significantly different from SortedDictionaryCopyManualForeachDeconstruct - Package;2.220446049250313E-16
HashtableCopyManualForeachIndex significantly different from SortedDictionaryCopyManualForeachDeconstruct - DRAM;2.220446049250313E-16
HashtableCopyManualForeachIndex significantly different from SortedListCopyManualForeach - Time;2.220446049250313E-16
HashtableCopyManualForeachIndex significantly different from SortedListCopyManualForeach - Package;2.220446049250313E-16
HashtableCopyManualForeachIndex significantly different from SortedListCopyManualForeach - DRAM;2.220446049250313E-16
HashtableCopyManualForeachIndex significantly different from SortedListCopyManualForeachIndex - Time;2.220446049250313E-16
HashtableCopyManualForeachIndex significantly different from SortedListCopyManualForeachIndex - Package;1.0478284906412227E-12
HashtableCopyManualForeachIndex significantly different from SortedListCopyManualForeachIndex - DRAM;2.220446049250313E-16
HashtableCopyManualForeachIndex significantly different from SortedListCopyManualForeachDeconstruct - Time;2.220446049250313E-16
HashtableCopyManualForeachIndex significantly different from SortedListCopyManualForeachDeconstruct - Package;2.220446049250313E-16
HashtableCopyManualForeachIndex significantly different from SortedListCopyManualForeachDeconstruct - DRAM;2.220446049250313E-16
ImmutableDictionaryCopyManualForeach significantly different from ImmutableDictionaryCopyManualForeachIndex - Time;2.220446049250313E-16
ImmutableDictionaryCopyManualForeach significantly different from ImmutableDictionaryCopyManualForeachIndex - Package;2.220446049250313E-16
ImmutableDictionaryCopyManualForeach significantly different from ImmutableDictionaryCopyManualForeachIndex - DRAM;2.220446049250313E-16
ImmutableDictionaryCopyManualForeach significantly different from ImmutableDictionaryCopyManualForeachDeconstruct - Time;0.1740344350215075
ImmutableDictionaryCopyManualForeach significantly different from ImmutableDictionaryCopyManualForeachDeconstruct - Package;0.7633936425590191
ImmutableDictionaryCopyManualForeach significantly different from ImmutableDictionaryCopyManualForeachDeconstruct - DRAM;0.5880971935738875
ImmutableDictionaryCopyManualForeach significantly different from ImmutableSortedDictionaryCopyManualForeach - Time;2.220446049250313E-16
ImmutableDictionaryCopyManualForeach significantly different from ImmutableSortedDictionaryCopyManualForeach - Package;2.220446049250313E-16
ImmutableDictionaryCopyManualForeach significantly different from ImmutableSortedDictionaryCopyManualForeach - DRAM;2.220446049250313E-16
ImmutableDictionaryCopyManualForeach significantly different from ImmutableSortedDictionaryCopyManualForeachIndex - Time;2.220446049250313E-16
ImmutableDictionaryCopyManualForeach significantly different from ImmutableSortedDictionaryCopyManualForeachIndex - Package;2.220446049250313E-16
ImmutableDictionaryCopyManualForeach significantly different from ImmutableSortedDictionaryCopyManualForeachIndex - DRAM;2.220446049250313E-16
ImmutableDictionaryCopyManualForeach significantly different from ImmutableSortedDictionaryCopyManualForeachDeconstruct - Time;2.220446049250313E-16
ImmutableDictionaryCopyManualForeach significantly different from ImmutableSortedDictionaryCopyManualForeachDeconstruct - Package;2.220446049250313E-16
ImmutableDictionaryCopyManualForeach significantly different from ImmutableSortedDictionaryCopyManualForeachDeconstruct - DRAM;2.220446049250313E-16
ImmutableDictionaryCopyManualForeach significantly different from SortedDictionaryCopyManualForeach - Time;2.220446049250313E-16
ImmutableDictionaryCopyManualForeach significantly different from SortedDictionaryCopyManualForeach - Package;2.220446049250313E-16
ImmutableDictionaryCopyManualForeach significantly different from SortedDictionaryCopyManualForeach - DRAM;2.220446049250313E-16
ImmutableDictionaryCopyManualForeach significantly different from SortedDictionaryCopyManualForeachIndex - Time;2.220446049250313E-16
ImmutableDictionaryCopyManualForeach significantly different from SortedDictionaryCopyManualForeachIndex - Package;2.220446049250313E-16
ImmutableDictionaryCopyManualForeach significantly different from SortedDictionaryCopyManualForeachIndex - DRAM;2.220446049250313E-16
ImmutableDictionaryCopyManualForeach significantly different from SortedDictionaryCopyManualForeachDeconstruct - Time;2.220446049250313E-16
ImmutableDictionaryCopyManualForeach significantly different from SortedDictionaryCopyManualForeachDeconstruct - Package;2.220446049250313E-16
ImmutableDictionaryCopyManualForeach significantly different from SortedDictionaryCopyManualForeachDeconstruct - DRAM;2.220446049250313E-16
ImmutableDictionaryCopyManualForeach significantly different from SortedListCopyManualForeach - Time;2.220446049250313E-16
ImmutableDictionaryCopyManualForeach significantly different from SortedListCopyManualForeach - Package;2.220446049250313E-16
ImmutableDictionaryCopyManualForeach significantly different from SortedListCopyManualForeach - DRAM;2.220446049250313E-16
ImmutableDictionaryCopyManualForeach significantly different from SortedListCopyManualForeachIndex - Time;2.220446049250313E-16
ImmutableDictionaryCopyManualForeach significantly different from SortedListCopyManualForeachIndex - Package;2.220446049250313E-16
ImmutableDictionaryCopyManualForeach significantly different from SortedListCopyManualForeachIndex - DRAM;2.220446049250313E-16
ImmutableDictionaryCopyManualForeach significantly different from SortedListCopyManualForeachDeconstruct - Time;2.220446049250313E-16
ImmutableDictionaryCopyManualForeach significantly different from SortedListCopyManualForeachDeconstruct - Package;2.220446049250313E-16
ImmutableDictionaryCopyManualForeach significantly different from SortedListCopyManualForeachDeconstruct - DRAM;2.220446049250313E-16
ImmutableDictionaryCopyManualForeachIndex significantly different from ImmutableDictionaryCopyManualForeachDeconstruct - Time;2.220446049250313E-16
ImmutableDictionaryCopyManualForeachIndex significantly different from ImmutableDictionaryCopyManualForeachDeconstruct - Package;2.220446049250313E-16
ImmutableDictionaryCopyManualForeachIndex significantly different from ImmutableDictionaryCopyManualForeachDeconstruct - DRAM;2.220446049250313E-16
ImmutableDictionaryCopyManualForeachIndex significantly different from ImmutableSortedDictionaryCopyManualForeach - Time;2.220446049250313E-16
ImmutableDictionaryCopyManualForeachIndex significantly different from ImmutableSortedDictionaryCopyManualForeach - Package;2.220446049250313E-16
ImmutableDictionaryCopyManualForeachIndex significantly different from ImmutableSortedDictionaryCopyManualForeach - DRAM;2.220446049250313E-16
ImmutableDictionaryCopyManualForeachIndex significantly different from ImmutableSortedDictionaryCopyManualForeachIndex - Time;2.220446049250313E-16
ImmutableDictionaryCopyManualForeachIndex significantly different from ImmutableSortedDictionaryCopyManualForeachIndex - Package;2.220446049250313E-16
ImmutableDictionaryCopyManualForeachIndex significantly different from ImmutableSortedDictionaryCopyManualForeachIndex - DRAM;2.220446049250313E-16
ImmutableDictionaryCopyManualForeachIndex significantly different from ImmutableSortedDictionaryCopyManualForeachDeconstruct - Time;2.220446049250313E-16
ImmutableDictionaryCopyManualForeachIndex significantly different from ImmutableSortedDictionaryCopyManualForeachDeconstruct - Package;2.220446049250313E-16
ImmutableDictionaryCopyManualForeachIndex significantly different from ImmutableSortedDictionaryCopyManualForeachDeconstruct - DRAM;2.220446049250313E-16
ImmutableDictionaryCopyManualForeachIndex significantly different from SortedDictionaryCopyManualForeach - Time;2.220446049250313E-16
ImmutableDictionaryCopyManualForeachIndex significantly different from SortedDictionaryCopyManualForeach - Package;2.220446049250313E-16
ImmutableDictionaryCopyManualForeachIndex significantly different from SortedDictionaryCopyManualForeach - DRAM;2.220446049250313E-16
ImmutableDictionaryCopyManualForeachIndex significantly different from SortedDictionaryCopyManualForeachIndex - Time;2.220446049250313E-16
ImmutableDictionaryCopyManualForeachIndex significantly different from SortedDictionaryCopyManualForeachIndex - Package;2.220446049250313E-16
ImmutableDictionaryCopyManualForeachIndex significantly different from SortedDictionaryCopyManualForeachIndex - DRAM;2.220446049250313E-16
ImmutableDictionaryCopyManualForeachIndex significantly different from SortedDictionaryCopyManualForeachDeconstruct - Time;2.220446049250313E-16
ImmutableDictionaryCopyManualForeachIndex significantly different from SortedDictionaryCopyManualForeachDeconstruct - Package;2.220446049250313E-16
ImmutableDictionaryCopyManualForeachIndex significantly different from SortedDictionaryCopyManualForeachDeconstruct - DRAM;2.220446049250313E-16
ImmutableDictionaryCopyManualForeachIndex significantly different from SortedListCopyManualForeach - Time;2.220446049250313E-16
ImmutableDictionaryCopyManualForeachIndex significantly different from SortedListCopyManualForeach - Package;2.220446049250313E-16
ImmutableDictionaryCopyManualForeachIndex significantly different from SortedListCopyManualForeach - DRAM;2.220446049250313E-16
ImmutableDictionaryCopyManualForeachIndex significantly different from SortedListCopyManualForeachIndex - Time;2.220446049250313E-16
ImmutableDictionaryCopyManualForeachIndex significantly different from SortedListCopyManualForeachIndex - Package;2.220446049250313E-16
ImmutableDictionaryCopyManualForeachIndex significantly different from SortedListCopyManualForeachIndex - DRAM;2.220446049250313E-16
ImmutableDictionaryCopyManualForeachIndex significantly different from SortedListCopyManualForeachDeconstruct - Time;2.220446049250313E-16
ImmutableDictionaryCopyManualForeachIndex significantly different from SortedListCopyManualForeachDeconstruct - Package;2.220446049250313E-16
ImmutableDictionaryCopyManualForeachIndex significantly different from SortedListCopyManualForeachDeconstruct - DRAM;2.220446049250313E-16
ImmutableDictionaryCopyManualForeachDeconstruct significantly different from ImmutableSortedDictionaryCopyManualForeach - Time;2.220446049250313E-16
ImmutableDictionaryCopyManualForeachDeconstruct significantly different from ImmutableSortedDictionaryCopyManualForeach - Package;2.220446049250313E-16
ImmutableDictionaryCopyManualForeachDeconstruct significantly different from ImmutableSortedDictionaryCopyManualForeach - DRAM;2.220446049250313E-16
ImmutableDictionaryCopyManualForeachDeconstruct significantly different from ImmutableSortedDictionaryCopyManualForeachIndex - Time;2.220446049250313E-16
ImmutableDictionaryCopyManualForeachDeconstruct significantly different from ImmutableSortedDictionaryCopyManualForeachIndex - Package;2.220446049250313E-16
ImmutableDictionaryCopyManualForeachDeconstruct significantly different from ImmutableSortedDictionaryCopyManualForeachIndex - DRAM;2.220446049250313E-16
ImmutableDictionaryCopyManualForeachDeconstruct significantly different from ImmutableSortedDictionaryCopyManualForeachDeconstruct - Time;2.220446049250313E-16
ImmutableDictionaryCopyManualForeachDeconstruct significantly different from ImmutableSortedDictionaryCopyManualForeachDeconstruct - Package;2.220446049250313E-16
ImmutableDictionaryCopyManualForeachDeconstruct significantly different from ImmutableSortedDictionaryCopyManualForeachDeconstruct - DRAM;2.220446049250313E-16
ImmutableDictionaryCopyManualForeachDeconstruct significantly different from SortedDictionaryCopyManualForeach - Time;2.220446049250313E-16
ImmutableDictionaryCopyManualForeachDeconstruct significantly different from SortedDictionaryCopyManualForeach - Package;2.220446049250313E-16
ImmutableDictionaryCopyManualForeachDeconstruct significantly different from SortedDictionaryCopyManualForeach - DRAM;2.220446049250313E-16
ImmutableDictionaryCopyManualForeachDeconstruct significantly different from SortedDictionaryCopyManualForeachIndex - Time;2.220446049250313E-16
ImmutableDictionaryCopyManualForeachDeconstruct significantly different from SortedDictionaryCopyManualForeachIndex - Package;2.220446049250313E-16
ImmutableDictionaryCopyManualForeachDeconstruct significantly different from SortedDictionaryCopyManualForeachIndex - DRAM;2.220446049250313E-16
ImmutableDictionaryCopyManualForeachDeconstruct significantly different from SortedDictionaryCopyManualForeachDeconstruct - Time;2.220446049250313E-16
ImmutableDictionaryCopyManualForeachDeconstruct significantly different from SortedDictionaryCopyManualForeachDeconstruct - Package;2.220446049250313E-16
ImmutableDictionaryCopyManualForeachDeconstruct significantly different from SortedDictionaryCopyManualForeachDeconstruct - DRAM;2.220446049250313E-16
ImmutableDictionaryCopyManualForeachDeconstruct significantly different from SortedListCopyManualForeach - Time;2.220446049250313E-16
ImmutableDictionaryCopyManualForeachDeconstruct significantly different from SortedListCopyManualForeach - Package;2.220446049250313E-16
ImmutableDictionaryCopyManualForeachDeconstruct significantly different from SortedListCopyManualForeach - DRAM;2.220446049250313E-16
ImmutableDictionaryCopyManualForeachDeconstruct significantly different from SortedListCopyManualForeachIndex - Time;2.220446049250313E-16
ImmutableDictionaryCopyManualForeachDeconstruct significantly different from SortedListCopyManualForeachIndex - Package;2.220446049250313E-16
ImmutableDictionaryCopyManualForeachDeconstruct significantly different from SortedListCopyManualForeachIndex - DRAM;2.220446049250313E-16
ImmutableDictionaryCopyManualForeachDeconstruct significantly different from SortedListCopyManualForeachDeconstruct - Time;2.220446049250313E-16
ImmutableDictionaryCopyManualForeachDeconstruct significantly different from SortedListCopyManualForeachDeconstruct - Package;2.220446049250313E-16
ImmutableDictionaryCopyManualForeachDeconstruct significantly different from SortedListCopyManualForeachDeconstruct - DRAM;2.220446049250313E-16
ImmutableSortedDictionaryCopyManualForeach significantly different from ImmutableSortedDictionaryCopyManualForeachIndex - Time;2.220446049250313E-16
ImmutableSortedDictionaryCopyManualForeach significantly different from ImmutableSortedDictionaryCopyManualForeachIndex - Package;2.220446049250313E-16
ImmutableSortedDictionaryCopyManualForeach significantly different from ImmutableSortedDictionaryCopyManualForeachIndex - DRAM;2.220446049250313E-16
ImmutableSortedDictionaryCopyManualForeach significantly different from ImmutableSortedDictionaryCopyManualForeachDeconstruct - Time;2.220446049250313E-16
ImmutableSortedDictionaryCopyManualForeach significantly different from ImmutableSortedDictionaryCopyManualForeachDeconstruct - Package;0.07299106202877126
ImmutableSortedDictionaryCopyManualForeach significantly different from ImmutableSortedDictionaryCopyManualForeachDeconstruct - DRAM;1.6155012014795744E-06
ImmutableSortedDictionaryCopyManualForeach significantly different from SortedDictionaryCopyManualForeach - Time;2.220446049250313E-16
ImmutableSortedDictionaryCopyManualForeach significantly different from SortedDictionaryCopyManualForeach - Package;2.220446049250313E-16
ImmutableSortedDictionaryCopyManualForeach significantly different from SortedDictionaryCopyManualForeach - DRAM;2.220446049250313E-16
ImmutableSortedDictionaryCopyManualForeach significantly different from SortedDictionaryCopyManualForeachIndex - Time;2.220446049250313E-16
ImmutableSortedDictionaryCopyManualForeach significantly different from SortedDictionaryCopyManualForeachIndex - Package;2.220446049250313E-16
ImmutableSortedDictionaryCopyManualForeach significantly different from SortedDictionaryCopyManualForeachIndex - DRAM;2.220446049250313E-16
ImmutableSortedDictionaryCopyManualForeach significantly different from SortedDictionaryCopyManualForeachDeconstruct - Time;2.220446049250313E-16
ImmutableSortedDictionaryCopyManualForeach significantly different from SortedDictionaryCopyManualForeachDeconstruct - Package;2.220446049250313E-16
ImmutableSortedDictionaryCopyManualForeach significantly different from SortedDictionaryCopyManualForeachDeconstruct - DRAM;2.220446049250313E-16
ImmutableSortedDictionaryCopyManualForeach significantly different from SortedListCopyManualForeach - Time;2.220446049250313E-16
ImmutableSortedDictionaryCopyManualForeach significantly different from SortedListCopyManualForeach - Package;2.220446049250313E-16
ImmutableSortedDictionaryCopyManualForeach significantly different from SortedListCopyManualForeach - DRAM;2.220446049250313E-16
ImmutableSortedDictionaryCopyManualForeach significantly different from SortedListCopyManualForeachIndex - Time;2.220446049250313E-16
ImmutableSortedDictionaryCopyManualForeach significantly different from SortedListCopyManualForeachIndex - Package;2.220446049250313E-16
ImmutableSortedDictionaryCopyManualForeach significantly different from SortedListCopyManualForeachIndex - DRAM;2.220446049250313E-16
ImmutableSortedDictionaryCopyManualForeach significantly different from SortedListCopyManualForeachDeconstruct - Time;2.220446049250313E-16
ImmutableSortedDictionaryCopyManualForeach significantly different from SortedListCopyManualForeachDeconstruct - Package;2.220446049250313E-16
ImmutableSortedDictionaryCopyManualForeach significantly different from SortedListCopyManualForeachDeconstruct - DRAM;2.220446049250313E-16
ImmutableSortedDictionaryCopyManualForeachIndex significantly different from ImmutableSortedDictionaryCopyManualForeachDeconstruct - Time;2.220446049250313E-16
ImmutableSortedDictionaryCopyManualForeachIndex significantly different from ImmutableSortedDictionaryCopyManualForeachDeconstruct - Package;2.220446049250313E-16
ImmutableSortedDictionaryCopyManualForeachIndex significantly different from ImmutableSortedDictionaryCopyManualForeachDeconstruct - DRAM;2.220446049250313E-16
ImmutableSortedDictionaryCopyManualForeachIndex significantly different from SortedDictionaryCopyManualForeach - Time;2.220446049250313E-16
ImmutableSortedDictionaryCopyManualForeachIndex significantly different from SortedDictionaryCopyManualForeach - Package;2.220446049250313E-16
ImmutableSortedDictionaryCopyManualForeachIndex significantly different from SortedDictionaryCopyManualForeach - DRAM;2.220446049250313E-16
ImmutableSortedDictionaryCopyManualForeachIndex significantly different from SortedDictionaryCopyManualForeachIndex - Time;2.220446049250313E-16
ImmutableSortedDictionaryCopyManualForeachIndex significantly different from SortedDictionaryCopyManualForeachIndex - Package;2.220446049250313E-16
ImmutableSortedDictionaryCopyManualForeachIndex significantly different from SortedDictionaryCopyManualForeachIndex - DRAM;2.220446049250313E-16
ImmutableSortedDictionaryCopyManualForeachIndex significantly different from SortedDictionaryCopyManualForeachDeconstruct - Time;2.220446049250313E-16
ImmutableSortedDictionaryCopyManualForeachIndex significantly different from SortedDictionaryCopyManualForeachDeconstruct - Package;2.220446049250313E-16
ImmutableSortedDictionaryCopyManualForeachIndex significantly different from SortedDictionaryCopyManualForeachDeconstruct - DRAM;2.220446049250313E-16
ImmutableSortedDictionaryCopyManualForeachIndex significantly different from SortedListCopyManualForeach - Time;2.220446049250313E-16
ImmutableSortedDictionaryCopyManualForeachIndex significantly different from SortedListCopyManualForeach - Package;2.220446049250313E-16
ImmutableSortedDictionaryCopyManualForeachIndex significantly different from SortedListCopyManualForeach - DRAM;2.220446049250313E-16
ImmutableSortedDictionaryCopyManualForeachIndex significantly different from SortedListCopyManualForeachIndex - Time;2.220446049250313E-16
ImmutableSortedDictionaryCopyManualForeachIndex significantly different from SortedListCopyManualForeachIndex - Package;2.220446049250313E-16
ImmutableSortedDictionaryCopyManualForeachIndex significantly different from SortedListCopyManualForeachIndex - DRAM;2.220446049250313E-16
ImmutableSortedDictionaryCopyManualForeachIndex significantly different from SortedListCopyManualForeachDeconstruct - Time;2.220446049250313E-16
ImmutableSortedDictionaryCopyManualForeachIndex significantly different from SortedListCopyManualForeachDeconstruct - Package;2.220446049250313E-16
ImmutableSortedDictionaryCopyManualForeachIndex significantly different from SortedListCopyManualForeachDeconstruct - DRAM;2.220446049250313E-16
ImmutableSortedDictionaryCopyManualForeachDeconstruct significantly different from SortedDictionaryCopyManualForeach - Time;2.220446049250313E-16
ImmutableSortedDictionaryCopyManualForeachDeconstruct significantly different from SortedDictionaryCopyManualForeach - Package;2.220446049250313E-16
ImmutableSortedDictionaryCopyManualForeachDeconstruct significantly different from SortedDictionaryCopyManualForeach - DRAM;2.220446049250313E-16
ImmutableSortedDictionaryCopyManualForeachDeconstruct significantly different from SortedDictionaryCopyManualForeachIndex - Time;2.220446049250313E-16
ImmutableSortedDictionaryCopyManualForeachDeconstruct significantly different from SortedDictionaryCopyManualForeachIndex - Package;2.220446049250313E-16
ImmutableSortedDictionaryCopyManualForeachDeconstruct significantly different from SortedDictionaryCopyManualForeachIndex - DRAM;2.220446049250313E-16
ImmutableSortedDictionaryCopyManualForeachDeconstruct significantly different from SortedDictionaryCopyManualForeachDeconstruct - Time;2.220446049250313E-16
ImmutableSortedDictionaryCopyManualForeachDeconstruct significantly different from SortedDictionaryCopyManualForeachDeconstruct - Package;2.220446049250313E-16
ImmutableSortedDictionaryCopyManualForeachDeconstruct significantly different from SortedDictionaryCopyManualForeachDeconstruct - DRAM;2.220446049250313E-16
ImmutableSortedDictionaryCopyManualForeachDeconstruct significantly different from SortedListCopyManualForeach - Time;2.220446049250313E-16
ImmutableSortedDictionaryCopyManualForeachDeconstruct significantly different from SortedListCopyManualForeach - Package;2.220446049250313E-16
ImmutableSortedDictionaryCopyManualForeachDeconstruct significantly different from SortedListCopyManualForeach - DRAM;2.220446049250313E-16
ImmutableSortedDictionaryCopyManualForeachDeconstruct significantly different from SortedListCopyManualForeachIndex - Time;2.220446049250313E-16
ImmutableSortedDictionaryCopyManualForeachDeconstruct significantly different from SortedListCopyManualForeachIndex - Package;2.220446049250313E-16
ImmutableSortedDictionaryCopyManualForeachDeconstruct significantly different from SortedListCopyManualForeachIndex - DRAM;2.220446049250313E-16
ImmutableSortedDictionaryCopyManualForeachDeconstruct significantly different from SortedListCopyManualForeachDeconstruct - Time;2.220446049250313E-16
ImmutableSortedDictionaryCopyManualForeachDeconstruct significantly different from SortedListCopyManualForeachDeconstruct - Package;2.220446049250313E-16
ImmutableSortedDictionaryCopyManualForeachDeconstruct significantly different from SortedListCopyManualForeachDeconstruct - DRAM;2.220446049250313E-16
SortedDictionaryCopyManualForeach significantly different from SortedDictionaryCopyManualForeachIndex - Time;2.220446049250313E-16
SortedDictionaryCopyManualForeach significantly different from SortedDictionaryCopyManualForeachIndex - Package;2.220446049250313E-16
SortedDictionaryCopyManualForeach significantly different from SortedDictionaryCopyManualForeachIndex - DRAM;2.220446049250313E-16
SortedDictionaryCopyManualForeach significantly different from SortedDictionaryCopyManualForeachDeconstruct - Time;1.0022919489705018E-05
SortedDictionaryCopyManualForeach significantly different from SortedDictionaryCopyManualForeachDeconstruct - Package;0.9982772050943214
SortedDictionaryCopyManualForeach significantly different from SortedDictionaryCopyManualForeachDeconstruct - DRAM;0.15515949620790903
SortedDictionaryCopyManualForeach significantly different from SortedListCopyManualForeach - Time;2.220446049250313E-16
SortedDictionaryCopyManualForeach significantly different from SortedListCopyManualForeach - Package;2.220446049250313E-16
SortedDictionaryCopyManualForeach significantly different from SortedListCopyManualForeach - DRAM;2.220446049250313E-16
SortedDictionaryCopyManualForeach significantly different from SortedListCopyManualForeachIndex - Time;2.220446049250313E-16
SortedDictionaryCopyManualForeach significantly different from SortedListCopyManualForeachIndex - Package;2.220446049250313E-16
SortedDictionaryCopyManualForeach significantly different from SortedListCopyManualForeachIndex - DRAM;2.220446049250313E-16
SortedDictionaryCopyManualForeach significantly different from SortedListCopyManualForeachDeconstruct - Time;2.220446049250313E-16
SortedDictionaryCopyManualForeach significantly different from SortedListCopyManualForeachDeconstruct - Package;2.220446049250313E-16
SortedDictionaryCopyManualForeach significantly different from SortedListCopyManualForeachDeconstruct - DRAM;2.220446049250313E-16
SortedDictionaryCopyManualForeachIndex significantly different from SortedDictionaryCopyManualForeachDeconstruct - Time;2.220446049250313E-16
SortedDictionaryCopyManualForeachIndex significantly different from SortedDictionaryCopyManualForeachDeconstruct - Package;2.220446049250313E-16
SortedDictionaryCopyManualForeachIndex significantly different from SortedDictionaryCopyManualForeachDeconstruct - DRAM;2.220446049250313E-16
SortedDictionaryCopyManualForeachIndex significantly different from SortedListCopyManualForeach - Time;2.220446049250313E-16
SortedDictionaryCopyManualForeachIndex significantly different from SortedListCopyManualForeach - Package;2.220446049250313E-16
SortedDictionaryCopyManualForeachIndex significantly different from SortedListCopyManualForeach - DRAM;2.220446049250313E-16
SortedDictionaryCopyManualForeachIndex significantly different from SortedListCopyManualForeachIndex - Time;2.220446049250313E-16
SortedDictionaryCopyManualForeachIndex significantly different from SortedListCopyManualForeachIndex - Package;2.220446049250313E-16
SortedDictionaryCopyManualForeachIndex significantly different from SortedListCopyManualForeachIndex - DRAM;2.220446049250313E-16
SortedDictionaryCopyManualForeachIndex significantly different from SortedListCopyManualForeachDeconstruct - Time;2.220446049250313E-16
SortedDictionaryCopyManualForeachIndex significantly different from SortedListCopyManualForeachDeconstruct - Package;2.220446049250313E-16
SortedDictionaryCopyManualForeachIndex significantly different from SortedListCopyManualForeachDeconstruct - DRAM;2.220446049250313E-16
SortedDictionaryCopyManualForeachDeconstruct significantly different from SortedListCopyManualForeach - Time;2.220446049250313E-16
SortedDictionaryCopyManualForeachDeconstruct significantly different from SortedListCopyManualForeach - Package;2.220446049250313E-16
SortedDictionaryCopyManualForeachDeconstruct significantly different from SortedListCopyManualForeach - DRAM;2.220446049250313E-16
SortedDictionaryCopyManualForeachDeconstruct significantly different from SortedListCopyManualForeachIndex - Time;2.220446049250313E-16
SortedDictionaryCopyManualForeachDeconstruct significantly different from SortedListCopyManualForeachIndex - Package;2.220446049250313E-16
SortedDictionaryCopyManualForeachDeconstruct significantly different from SortedListCopyManualForeachIndex - DRAM;2.220446049250313E-16
SortedDictionaryCopyManualForeachDeconstruct significantly different from SortedListCopyManualForeachDeconstruct - Time;2.220446049250313E-16
SortedDictionaryCopyManualForeachDeconstruct significantly different from SortedListCopyManualForeachDeconstruct - Package;2.220446049250313E-16
SortedDictionaryCopyManualForeachDeconstruct significantly different from SortedListCopyManualForeachDeconstruct - DRAM;2.220446049250313E-16
SortedListCopyManualForeach significantly different from SortedListCopyManualForeachIndex - Time;2.220446049250313E-16
SortedListCopyManualForeach significantly different from SortedListCopyManualForeachIndex - Package;2.220446049250313E-16
SortedListCopyManualForeach significantly different from SortedListCopyManualForeachIndex - DRAM;2.220446049250313E-16
SortedListCopyManualForeach significantly different from SortedListCopyManualForeachDeconstruct - Time;0.8734080598987617
SortedListCopyManualForeach significantly different from SortedListCopyManualForeachDeconstruct - Package;0.0006189649634167349
SortedListCopyManualForeach significantly different from SortedListCopyManualForeachDeconstruct - DRAM;0.45159802646527636
SortedListCopyManualForeachIndex significantly different from SortedListCopyManualForeachDeconstruct - Time;2.220446049250313E-16
SortedListCopyManualForeachIndex significantly different from SortedListCopyManualForeachDeconstruct - Package;2.220446049250313E-16
SortedListCopyManualForeachIndex significantly different from SortedListCopyManualForeachDeconstruct - DRAM;2.220446049250313E-16
