Key;Value
Int significantly different from Uint - Time;2.220446049250313E-16
Int significantly different from Uint - Package;2.220446049250313E-16
Int significantly different from Uint - DRAM;2.220446049250313E-16
Int significantly different from Nint - Time;2.220446049250313E-16
Int significantly different from Nint - Package;0.750522718420453
Int significantly different from Nint - DRAM;2.220446049250313E-16
Int significantly different from Nuint - Time;2.220446049250313E-16
Int significantly different from Nuint - Package;2.220446049250313E-16
Int significantly different from Nuint - DRAM;2.220446049250313E-16
Int significantly different from Long - Time;2.220446049250313E-16
Int significantly different from Long - Package;2.307749014107685E-08
Int significantly different from Long - DRAM;1.3228893536165742E-08
Int significantly different from Ulong - Time;2.220446049250313E-16
Int significantly different from Ulong - Package;2.220446049250313E-16
Int significantly different from Ulong - DRAM;2.220446049250313E-16
Int significantly different from Short - Time;2.220446049250313E-16
Int significantly different from Short - Package;2.220446049250313E-16
Int significantly different from Short - DRAM;2.220446049250313E-16
Int significantly different from Ushort - Time;2.220446049250313E-16
Int significantly different from Ushort - Package;2.220446049250313E-16
Int significantly different from Ushort - DRAM;2.220446049250313E-16
Int significantly different from Byte - Time;2.220446049250313E-16
Int significantly different from Byte - Package;2.220446049250313E-16
Int significantly different from Byte - DRAM;2.220446049250313E-16
Int significantly different from Sbyte - Time;2.220446049250313E-16
Int significantly different from Sbyte - Package;2.220446049250313E-16
Int significantly different from Sbyte - DRAM;2.220446049250313E-16
Uint significantly different from Nint - Time;2.220446049250313E-16
Uint significantly different from Nint - Package;2.220446049250313E-16
Uint significantly different from Nint - DRAM;2.220446049250313E-16
Uint significantly different from Nuint - Time;2.220446049250313E-16
Uint significantly different from Nuint - Package;3.552713678800501E-15
Uint significantly different from Nuint - DRAM;2.220446049250313E-16
Uint significantly different from Long - Time;2.220446049250313E-16
Uint significantly different from Long - Package;2.220446049250313E-16
Uint significantly different from Long - DRAM;2.220446049250313E-16
Uint significantly different from Ulong - Time;2.220446049250313E-16
Uint significantly different from Ulong - Package;2.220446049250313E-16
Uint significantly different from Ulong - DRAM;2.220446049250313E-16
Uint significantly different from Short - Time;2.220446049250313E-16
Uint significantly different from Short - Package;2.220446049250313E-16
Uint significantly different from Short - DRAM;2.220446049250313E-16
Uint significantly different from Ushort - Time;2.220446049250313E-16
Uint significantly different from Ushort - Package;2.220446049250313E-16
Uint significantly different from Ushort - DRAM;2.220446049250313E-16
Uint significantly different from Byte - Time;2.220446049250313E-16
Uint significantly different from Byte - Package;2.220446049250313E-16
Uint significantly different from Byte - DRAM;2.220446049250313E-16
Uint significantly different from Sbyte - Time;2.220446049250313E-16
Uint significantly different from Sbyte - Package;2.220446049250313E-16
Uint significantly different from Sbyte - DRAM;2.220446049250313E-16
Nint significantly different from Nuint - Time;2.220446049250313E-16
Nint significantly different from Nuint - Package;2.220446049250313E-16
Nint significantly different from Nuint - DRAM;2.220446049250313E-16
Nint significantly different from Long - Time;0.12314042450359186
Nint significantly different from Long - Package;0.0009003846255284387
Nint significantly different from Long - DRAM;0.6869534002382287
Nint significantly different from Ulong - Time;2.220446049250313E-16
Nint significantly different from Ulong - Package;2.220446049250313E-16
Nint significantly different from Ulong - DRAM;2.220446049250313E-16
Nint significantly different from Short - Time;2.220446049250313E-16
Nint significantly different from Short - Package;2.220446049250313E-16
Nint significantly different from Short - DRAM;2.220446049250313E-16
Nint significantly different from Ushort - Time;2.220446049250313E-16
Nint significantly different from Ushort - Package;2.220446049250313E-16
Nint significantly different from Ushort - DRAM;2.220446049250313E-16
Nint significantly different from Byte - Time;2.220446049250313E-16
Nint significantly different from Byte - Package;2.220446049250313E-16
Nint significantly different from Byte - DRAM;2.220446049250313E-16
Nint significantly different from Sbyte - Time;2.220446049250313E-16
Nint significantly different from Sbyte - Package;2.220446049250313E-16
Nint significantly different from Sbyte - DRAM;2.220446049250313E-16
Nuint significantly different from Long - Time;2.220446049250313E-16
Nuint significantly different from Long - Package;2.220446049250313E-16
Nuint significantly different from Long - DRAM;2.220446049250313E-16
Nuint significantly different from Ulong - Time;0.17119343014802668
Nuint significantly different from Ulong - Package;0.4983650276773759
Nuint significantly different from Ulong - DRAM;0.3800658914831856
Nuint significantly different from Short - Time;2.220446049250313E-16
Nuint significantly different from Short - Package;2.220446049250313E-16
Nuint significantly different from Short - DRAM;2.220446049250313E-16
Nuint significantly different from Ushort - Time;2.220446049250313E-16
Nuint significantly different from Ushort - Package;2.220446049250313E-16
Nuint significantly different from Ushort - DRAM;2.220446049250313E-16
Nuint significantly different from Byte - Time;2.220446049250313E-16
Nuint significantly different from Byte - Package;2.220446049250313E-16
Nuint significantly different from Byte - DRAM;2.220446049250313E-16
Nuint significantly different from Sbyte - Time;2.220446049250313E-16
Nuint significantly different from Sbyte - Package;2.220446049250313E-16
Nuint significantly different from Sbyte - DRAM;2.220446049250313E-16
Long significantly different from Ulong - Time;2.220446049250313E-16
Long significantly different from Ulong - Package;2.220446049250313E-16
Long significantly different from Ulong - DRAM;2.220446049250313E-16
Long significantly different from Short - Time;2.220446049250313E-16
Long significantly different from Short - Package;2.220446049250313E-16
Long significantly different from Short - DRAM;2.220446049250313E-16
Long significantly different from Ushort - Time;2.220446049250313E-16
Long significantly different from Ushort - Package;2.220446049250313E-16
Long significantly different from Ushort - DRAM;2.220446049250313E-16
Long significantly different from Byte - Time;2.220446049250313E-16
Long significantly different from Byte - Package;2.220446049250313E-16
Long significantly different from Byte - DRAM;2.220446049250313E-16
Long significantly different from Sbyte - Time;2.220446049250313E-16
Long significantly different from Sbyte - Package;2.220446049250313E-16
Long significantly different from Sbyte - DRAM;2.220446049250313E-16
Ulong significantly different from Short - Time;2.220446049250313E-16
Ulong significantly different from Short - Package;2.220446049250313E-16
Ulong significantly different from Short - DRAM;2.220446049250313E-16
Ulong significantly different from Ushort - Time;2.220446049250313E-16
Ulong significantly different from Ushort - Package;2.220446049250313E-16
Ulong significantly different from Ushort - DRAM;2.220446049250313E-16
Ulong significantly different from Byte - Time;2.220446049250313E-16
Ulong significantly different from Byte - Package;2.220446049250313E-16
Ulong significantly different from Byte - DRAM;2.220446049250313E-16
Ulong significantly different from Sbyte - Time;2.220446049250313E-16
Ulong significantly different from Sbyte - Package;2.220446049250313E-16
Ulong significantly different from Sbyte - DRAM;2.220446049250313E-16
Short significantly different from Ushort - Time;1.3322676295501878E-15
Short significantly different from Ushort - Package;0.01107542497236258
Short significantly different from Ushort - DRAM;1.636859092712939E-09
Short significantly different from Byte - Time;2.220446049250313E-16
Short significantly different from Byte - Package;2.220446049250313E-16
Short significantly different from Byte - DRAM;2.220446049250313E-16
Short significantly different from Sbyte - Time;0.24888123188592637
Short significantly different from Sbyte - Package;0.9848814788796862
Short significantly different from Sbyte - DRAM;0.1643300990984231
Ushort significantly different from Byte - Time;2.220446049250313E-16
Ushort significantly different from Byte - Package;7.063016838060321E-12
Ushort significantly different from Byte - DRAM;2.220446049250313E-16
Ushort significantly different from Sbyte - Time;1.3278267374516872E-13
Ushort significantly different from Sbyte - Package;0.009553923851685076
Ushort significantly different from Sbyte - DRAM;4.934372910270213E-09
Byte significantly different from Sbyte - Time;2.220446049250313E-16
Byte significantly different from Sbyte - Package;2.220446049250313E-16
Byte significantly different from Sbyte - DRAM;2.220446049250313E-16
