Key;Value
PropertySet significantly different from PropertyWithBackingFieldSet - Time;0.618475223638121
PropertySet significantly different from PropertyWithBackingFieldSet - Package;0.0002770359994206384
PropertySet significantly different from PropertyWithBackingFieldSet - DRAM;0.7304546410173756
PropertySet significantly different from GetterSetterSet - Time;0.2050670104731842
PropertySet significantly different from GetterSetterSet - Package;0.008142550410334515
PropertySet significantly different from GetterSetterSet - DRAM;0.35074266730764947
PropertySet significantly different from FieldSet - Time;0.42727586317599875
PropertySet significantly different from FieldSet - Package;3.949335588115943E-05
PropertySet significantly different from FieldSet - DRAM;0.9337987337441991
PropertyWithBackingFieldSet significantly different from GetterSetterSet - Time;0.49505776203499274
PropertyWithBackingFieldSet significantly different from GetterSetterSet - Package;6.2986282856059E-11
PropertyWithBackingFieldSet significantly different from GetterSetterSet - DRAM;0.20811342039528968
PropertyWithBackingFieldSet significantly different from FieldSet - Time;0.7909392734007099
PropertyWithBackingFieldSet significantly different from FieldSet - Package;5.406401992757992E-10
PropertyWithBackingFieldSet significantly different from FieldSet - DRAM;0.7751294297492708
GetterSetterSet significantly different from FieldSet - Time;0.9095473309094215
GetterSetterSet significantly different from FieldSet - Package;0.5857167799784069
GetterSetterSet significantly different from FieldSet - DRAM;0.338177011901571
