Key;Value
HashSetCreation significantly different from ImmutableHashSetCreation - Time;2.220446049250313E-16
HashSetCreation significantly different from ImmutableHashSetCreation - Package;2.220446049250313E-16
HashSetCreation significantly different from ImmutableHashSetCreation - DRAM;2.220446049250313E-16
HashSetCreation significantly different from ImmutableSortedSetCreation - Time;2.220446049250313E-16
HashSetCreation significantly different from ImmutableSortedSetCreation - Package;2.220446049250313E-16
HashSetCreation significantly different from ImmutableSortedSetCreation - DRAM;2.220446049250313E-16
HashSetCreation significantly different from SortedSetCreation - Time;2.220446049250313E-16
HashSetCreation significantly different from SortedSetCreation - Package;2.220446049250313E-16
HashSetCreation significantly different from SortedSetCreation - DRAM;2.220446049250313E-16
ImmutableHashSetCreation significantly different from ImmutableSortedSetCreation - Time;2.220446049250313E-16
ImmutableHashSetCreation significantly different from ImmutableSortedSetCreation - Package;2.220446049250313E-16
ImmutableHashSetCreation significantly different from ImmutableSortedSetCreation - DRAM;2.220446049250313E-16
ImmutableHashSetCreation significantly different from SortedSetCreation - Time;2.220446049250313E-16
ImmutableHashSetCreation significantly different from SortedSetCreation - Package;2.220446049250313E-16
ImmutableHashSetCreation significantly different from SortedSetCreation - DRAM;2.220446049250313E-16
ImmutableSortedSetCreation significantly different from SortedSetCreation - Time;2.220446049250313E-16
ImmutableSortedSetCreation significantly different from SortedSetCreation - Package;2.220446049250313E-16
ImmutableSortedSetCreation significantly different from SortedSetCreation - DRAM;2.220446049250313E-16
