Key;Value
PlusSign significantly different from PlusCompSign - Time;2.220446049250313E-16
PlusSign significantly different from PlusCompSign - Package;2.220446049250313E-16
PlusSign significantly different from PlusCompSign - DRAM;2.220446049250313E-16
PlusSign significantly different from PlusCompSignSingle - Time;2.220446049250313E-16
PlusSign significantly different from PlusCompSignSingle - Package;6.914151211567798E-07
PlusSign significantly different from PlusCompSignSingle - DRAM;2.220446049250313E-16
PlusSign significantly different from StringBuilder - Time;2.220446049250313E-16
PlusSign significantly different from StringBuilder - Package;2.220446049250313E-16
PlusSign significantly different from StringBuilder - DRAM;2.220446049250313E-16
PlusSign significantly different from Format - Time;2.220446049250313E-16
PlusSign significantly different from Format - Package;2.220446049250313E-16
PlusSign significantly different from Format - DRAM;2.220446049250313E-16
PlusSign significantly different from Concat - Time;2.220446049250313E-16
PlusSign significantly different from Concat - Package;2.220446049250313E-16
PlusSign significantly different from Concat - DRAM;2.220446049250313E-16
PlusSign significantly different from Join - Time;2.220446049250313E-16
PlusSign significantly different from Join - Package;2.220446049250313E-16
PlusSign significantly different from Join - DRAM;2.220446049250313E-16
PlusSign significantly different from Interpolation - Time;2.220446049250313E-16
PlusSign significantly different from Interpolation - Package;2.220446049250313E-16
PlusSign significantly different from Interpolation - DRAM;2.220446049250313E-16
PlusSign significantly different from InterpolationConst - Time;2.220446049250313E-16
PlusSign significantly different from InterpolationConst - Package;2.220446049250313E-16
PlusSign significantly different from InterpolationConst - DRAM;2.220446049250313E-16
PlusCompSign significantly different from PlusCompSignSingle - Time;2.220446049250313E-16
PlusCompSign significantly different from PlusCompSignSingle - Package;2.220446049250313E-16
PlusCompSign significantly different from PlusCompSignSingle - DRAM;2.220446049250313E-16
PlusCompSign significantly different from StringBuilder - Time;2.220446049250313E-16
PlusCompSign significantly different from StringBuilder - Package;2.220446049250313E-16
PlusCompSign significantly different from StringBuilder - DRAM;2.220446049250313E-16
PlusCompSign significantly different from Format - Time;2.220446049250313E-16
PlusCompSign significantly different from Format - Package;2.220446049250313E-16
PlusCompSign significantly different from Format - DRAM;2.220446049250313E-16
PlusCompSign significantly different from Concat - Time;2.220446049250313E-16
PlusCompSign significantly different from Concat - Package;2.220446049250313E-16
PlusCompSign significantly different from Concat - DRAM;2.220446049250313E-16
PlusCompSign significantly different from Join - Time;2.220446049250313E-16
PlusCompSign significantly different from Join - Package;2.220446049250313E-16
PlusCompSign significantly different from Join - DRAM;2.220446049250313E-16
PlusCompSign significantly different from Interpolation - Time;2.220446049250313E-16
PlusCompSign significantly different from Interpolation - Package;2.220446049250313E-16
PlusCompSign significantly different from Interpolation - DRAM;2.220446049250313E-16
PlusCompSign significantly different from InterpolationConst - Time;2.220446049250313E-16
PlusCompSign significantly different from InterpolationConst - Package;2.220446049250313E-16
PlusCompSign significantly different from InterpolationConst - DRAM;2.220446049250313E-16
PlusCompSignSingle significantly different from StringBuilder - Time;2.220446049250313E-16
PlusCompSignSingle significantly different from StringBuilder - Package;2.220446049250313E-16
PlusCompSignSingle significantly different from StringBuilder - DRAM;2.220446049250313E-16
PlusCompSignSingle significantly different from Format - Time;2.220446049250313E-16
PlusCompSignSingle significantly different from Format - Package;2.220446049250313E-16
PlusCompSignSingle significantly different from Format - DRAM;2.220446049250313E-16
PlusCompSignSingle significantly different from Concat - Time;2.220446049250313E-16
PlusCompSignSingle significantly different from Concat - Package;2.220446049250313E-16
PlusCompSignSingle significantly different from Concat - DRAM;2.220446049250313E-16
PlusCompSignSingle significantly different from Join - Time;2.220446049250313E-16
PlusCompSignSingle significantly different from Join - Package;2.220446049250313E-16
PlusCompSignSingle significantly different from Join - DRAM;2.220446049250313E-16
PlusCompSignSingle significantly different from Interpolation - Time;2.220446049250313E-16
PlusCompSignSingle significantly different from Interpolation - Package;4.440892098500626E-16
PlusCompSignSingle significantly different from Interpolation - DRAM;2.220446049250313E-16
PlusCompSignSingle significantly different from InterpolationConst - Time;2.220446049250313E-16
PlusCompSignSingle significantly different from InterpolationConst - Package;2.220446049250313E-16
PlusCompSignSingle significantly different from InterpolationConst - DRAM;2.220446049250313E-16
StringBuilder significantly different from Format - Time;2.220446049250313E-16
StringBuilder significantly different from Format - Package;2.220446049250313E-16
StringBuilder significantly different from Format - DRAM;2.220446049250313E-16
StringBuilder significantly different from Concat - Time;2.220446049250313E-16
StringBuilder significantly different from Concat - Package;2.220446049250313E-16
StringBuilder significantly different from Concat - DRAM;2.220446049250313E-16
StringBuilder significantly different from Join - Time;2.220446049250313E-16
StringBuilder significantly different from Join - Package;2.220446049250313E-16
StringBuilder significantly different from Join - DRAM;2.220446049250313E-16
StringBuilder significantly different from Interpolation - Time;2.220446049250313E-16
StringBuilder significantly different from Interpolation - Package;2.220446049250313E-16
StringBuilder significantly different from Interpolation - DRAM;2.220446049250313E-16
StringBuilder significantly different from InterpolationConst - Time;2.220446049250313E-16
StringBuilder significantly different from InterpolationConst - Package;2.220446049250313E-16
StringBuilder significantly different from InterpolationConst - DRAM;2.220446049250313E-16
Format significantly different from Concat - Time;2.220446049250313E-16
Format significantly different from Concat - Package;2.220446049250313E-16
Format significantly different from Concat - DRAM;2.220446049250313E-16
Format significantly different from Join - Time;2.220446049250313E-16
Format significantly different from Join - Package;2.220446049250313E-16
Format significantly different from Join - DRAM;2.220446049250313E-16
Format significantly different from Interpolation - Time;2.220446049250313E-16
Format significantly different from Interpolation - Package;2.220446049250313E-16
Format significantly different from Interpolation - DRAM;2.220446049250313E-16
Format significantly different from InterpolationConst - Time;2.220446049250313E-16
Format significantly different from InterpolationConst - Package;2.220446049250313E-16
Format significantly different from InterpolationConst - DRAM;2.220446049250313E-16
Concat significantly different from Join - Time;2.220446049250313E-16
Concat significantly different from Join - Package;2.220446049250313E-16
Concat significantly different from Join - DRAM;2.220446049250313E-16
Concat significantly different from Interpolation - Time;2.220446049250313E-16
Concat significantly different from Interpolation - Package;2.220446049250313E-16
Concat significantly different from Interpolation - DRAM;2.220446049250313E-16
Concat significantly different from InterpolationConst - Time;2.220446049250313E-16
Concat significantly different from InterpolationConst - Package;2.220446049250313E-16
Concat significantly different from InterpolationConst - DRAM;2.220446049250313E-16
Join significantly different from Interpolation - Time;2.220446049250313E-16
Join significantly different from Interpolation - Package;2.220446049250313E-16
Join significantly different from Interpolation - DRAM;2.220446049250313E-16
Join significantly different from InterpolationConst - Time;2.220446049250313E-16
Join significantly different from InterpolationConst - Package;2.220446049250313E-16
Join significantly different from InterpolationConst - DRAM;2.220446049250313E-16
Interpolation significantly different from InterpolationConst - Time;2.220446049250313E-16
Interpolation significantly different from InterpolationConst - Package;2.220446049250313E-16
Interpolation significantly different from InterpolationConst - DRAM;2.220446049250313E-16
