Key;Value
TryCatchEFinallyWithIf significantly different from TryCatchFinallyAllE - Time;2.220446049250313E-16
TryCatchEFinallyWithIf significantly different from TryCatchFinallyAllE - Package;2.220446049250313E-16
TryCatchEFinallyWithIf significantly different from TryCatchFinallyAllE - DRAM;2.220446049250313E-16
TryCatchEFinallyWithIf significantly different from TryCatchFinallyNoE - Time;2.220446049250313E-16
TryCatchEFinallyWithIf significantly different from TryCatchFinallyNoE - Package;2.220446049250313E-16
TryCatchEFinallyWithIf significantly different from TryCatchFinallyNoE - DRAM;2.220446049250313E-16
TryCatchEFinallyWithIf significantly different from TryCatchNoEFinallyWithIf - Time;2.220446049250313E-16
TryCatchEFinallyWithIf significantly different from TryCatchNoEFinallyWithIf - Package;2.220446049250313E-16
TryCatchEFinallyWithIf significantly different from TryCatchNoEFinallyWithIf - DRAM;2.220446049250313E-16
TryCatchFinallyAllE significantly different from TryCatchFinallyNoE - Time;2.220446049250313E-16
TryCatchFinallyAllE significantly different from TryCatchFinallyNoE - Package;2.220446049250313E-16
TryCatchFinallyAllE significantly different from TryCatchFinallyNoE - DRAM;2.220446049250313E-16
TryCatchFinallyAllE significantly different from TryCatchNoEFinallyWithIf - Time;2.220446049250313E-16
TryCatchFinallyAllE significantly different from TryCatchNoEFinallyWithIf - Package;2.220446049250313E-16
TryCatchFinallyAllE significantly different from TryCatchNoEFinallyWithIf - DRAM;2.220446049250313E-16
TryCatchFinallyNoE significantly different from TryCatchNoEFinallyWithIf - Time;2.220446049250313E-16
TryCatchFinallyNoE significantly different from TryCatchNoEFinallyWithIf - Package;2.220446049250313E-16
TryCatchFinallyNoE significantly different from TryCatchNoEFinallyWithIf - DRAM;2.220446049250313E-16
