Key;Value
PostIncrement significantly different from PostDecrement - Time;0.7604062382687551
PostIncrement significantly different from PostDecrement - Package;0.006803514479590822
PostIncrement significantly different from PostDecrement - DRAM;0.8920455794586142
PostIncrement significantly different from PreIncrement - Time;0.18053002090919512
PostIncrement significantly different from PreIncrement - Package;0.26778391629118414
PostIncrement significantly different from PreIncrement - DRAM;0.5149468740270877
PostIncrement significantly different from PreDecrement - Time;7.46645005569313E-05
PostIncrement significantly different from PreDecrement - Package;0.18860901150264864
PostIncrement significantly different from PreDecrement - DRAM;0.33693599693328347
PostDecrement significantly different from PreIncrement - Time;0.15208428532953966
PostDecrement significantly different from PreIncrement - Package;0.0012268782708935166
PostDecrement significantly different from PreIncrement - DRAM;0.6133166326913169
PostDecrement significantly different from PreDecrement - Time;0.00010426460838419693
PostDecrement significantly different from PreDecrement - Package;0.07038910107490026
PostDecrement significantly different from PreDecrement - DRAM;0.4249521935719709
PreIncrement significantly different from PreDecrement - Time;0.021050265672834412
PreIncrement significantly different from PreDecrement - Package;0.028218945033809506
PreIncrement significantly different from PreDecrement - DRAM;0.7928386809065939
