Key;Value
ConcurrentDictionaryGet significantly different from ConcurrentDictionaryGetRandom - Time;1.8239089016880428E-07
ConcurrentDictionaryGet significantly different from ConcurrentDictionaryGetRandom - Package;0.44081597795049987
ConcurrentDictionaryGet significantly different from ConcurrentDictionaryGetRandom - DRAM;0.6597592895664959
ConcurrentDictionaryGet significantly different from DictionaryGet - Time;2.220446049250313E-16
ConcurrentDictionaryGet significantly different from DictionaryGet - Package;2.220446049250313E-16
ConcurrentDictionaryGet significantly different from DictionaryGet - DRAM;2.220446049250313E-16
ConcurrentDictionaryGet significantly different from DictionaryGetRandom - Time;2.220446049250313E-16
ConcurrentDictionaryGet significantly different from DictionaryGetRandom - Package;2.220446049250313E-16
ConcurrentDictionaryGet significantly different from DictionaryGetRandom - DRAM;2.220446049250313E-16
ConcurrentDictionaryGet significantly different from HashtableGet - Time;2.220446049250313E-16
ConcurrentDictionaryGet significantly different from HashtableGet - Package;2.220446049250313E-16
ConcurrentDictionaryGet significantly different from HashtableGet - DRAM;2.220446049250313E-16
ConcurrentDictionaryGet significantly different from HashtableGetRandom - Time;2.220446049250313E-16
ConcurrentDictionaryGet significantly different from HashtableGetRandom - Package;2.220446049250313E-16
ConcurrentDictionaryGet significantly different from HashtableGetRandom - DRAM;2.220446049250313E-16
ConcurrentDictionaryGet significantly different from ImmutableDictionaryGet - Time;2.220446049250313E-16
ConcurrentDictionaryGet significantly different from ImmutableDictionaryGet - Package;2.220446049250313E-16
ConcurrentDictionaryGet significantly different from ImmutableDictionaryGet - DRAM;2.220446049250313E-16
ConcurrentDictionaryGet significantly different from ImmutableDictionaryGetRandom - Time;2.220446049250313E-16
ConcurrentDictionaryGet significantly different from ImmutableDictionaryGetRandom - Package;2.220446049250313E-16
ConcurrentDictionaryGet significantly different from ImmutableDictionaryGetRandom - DRAM;2.220446049250313E-16
ConcurrentDictionaryGet significantly different from ImmutableSortedDictionaryGet - Time;2.220446049250313E-16
ConcurrentDictionaryGet significantly different from ImmutableSortedDictionaryGet - Package;2.220446049250313E-16
ConcurrentDictionaryGet significantly different from ImmutableSortedDictionaryGet - DRAM;2.220446049250313E-16
ConcurrentDictionaryGet significantly different from ImmutableSortedDictionaryGetRandom - Time;2.220446049250313E-16
ConcurrentDictionaryGet significantly different from ImmutableSortedDictionaryGetRandom - Package;2.220446049250313E-16
ConcurrentDictionaryGet significantly different from ImmutableSortedDictionaryGetRandom - DRAM;2.220446049250313E-16
ConcurrentDictionaryGet significantly different from ReadOnlyDictionaryGet - Time;2.220446049250313E-16
ConcurrentDictionaryGet significantly different from ReadOnlyDictionaryGet - Package;2.220446049250313E-16
ConcurrentDictionaryGet significantly different from ReadOnlyDictionaryGet - DRAM;2.220446049250313E-16
ConcurrentDictionaryGet significantly different from ReadOnlyDictionaryGetRandom - Time;2.220446049250313E-16
ConcurrentDictionaryGet significantly different from ReadOnlyDictionaryGetRandom - Package;2.220446049250313E-16
ConcurrentDictionaryGet significantly different from ReadOnlyDictionaryGetRandom - DRAM;2.220446049250313E-16
ConcurrentDictionaryGet significantly different from SortedDictionaryGet - Time;2.220446049250313E-16
ConcurrentDictionaryGet significantly different from SortedDictionaryGet - Package;2.220446049250313E-16
ConcurrentDictionaryGet significantly different from SortedDictionaryGet - DRAM;2.220446049250313E-16
ConcurrentDictionaryGet significantly different from SortedDictionaryGetRandom - Time;2.220446049250313E-16
ConcurrentDictionaryGet significantly different from SortedDictionaryGetRandom - Package;2.220446049250313E-16
ConcurrentDictionaryGet significantly different from SortedDictionaryGetRandom - DRAM;2.220446049250313E-16
ConcurrentDictionaryGet significantly different from SortedListGet - Time;2.220446049250313E-16
ConcurrentDictionaryGet significantly different from SortedListGet - Package;2.220446049250313E-16
ConcurrentDictionaryGet significantly different from SortedListGet - DRAM;2.220446049250313E-16
ConcurrentDictionaryGet significantly different from SortedListGetRandom - Time;2.220446049250313E-16
ConcurrentDictionaryGet significantly different from SortedListGetRandom - Package;2.220446049250313E-16
ConcurrentDictionaryGet significantly different from SortedListGetRandom - DRAM;2.220446049250313E-16
ConcurrentDictionaryGetRandom significantly different from DictionaryGet - Time;2.220446049250313E-16
ConcurrentDictionaryGetRandom significantly different from DictionaryGet - Package;2.220446049250313E-16
ConcurrentDictionaryGetRandom significantly different from DictionaryGet - DRAM;2.220446049250313E-16
ConcurrentDictionaryGetRandom significantly different from DictionaryGetRandom - Time;2.220446049250313E-16
ConcurrentDictionaryGetRandom significantly different from DictionaryGetRandom - Package;2.220446049250313E-16
ConcurrentDictionaryGetRandom significantly different from DictionaryGetRandom - DRAM;2.220446049250313E-16
ConcurrentDictionaryGetRandom significantly different from HashtableGet - Time;2.220446049250313E-16
ConcurrentDictionaryGetRandom significantly different from HashtableGet - Package;2.220446049250313E-16
ConcurrentDictionaryGetRandom significantly different from HashtableGet - DRAM;2.220446049250313E-16
ConcurrentDictionaryGetRandom significantly different from HashtableGetRandom - Time;2.220446049250313E-16
ConcurrentDictionaryGetRandom significantly different from HashtableGetRandom - Package;2.220446049250313E-16
ConcurrentDictionaryGetRandom significantly different from HashtableGetRandom - DRAM;2.220446049250313E-16
ConcurrentDictionaryGetRandom significantly different from ImmutableDictionaryGet - Time;2.220446049250313E-16
ConcurrentDictionaryGetRandom significantly different from ImmutableDictionaryGet - Package;2.220446049250313E-16
ConcurrentDictionaryGetRandom significantly different from ImmutableDictionaryGet - DRAM;2.220446049250313E-16
ConcurrentDictionaryGetRandom significantly different from ImmutableDictionaryGetRandom - Time;2.220446049250313E-16
ConcurrentDictionaryGetRandom significantly different from ImmutableDictionaryGetRandom - Package;2.220446049250313E-16
ConcurrentDictionaryGetRandom significantly different from ImmutableDictionaryGetRandom - DRAM;2.220446049250313E-16
ConcurrentDictionaryGetRandom significantly different from ImmutableSortedDictionaryGet - Time;2.220446049250313E-16
ConcurrentDictionaryGetRandom significantly different from ImmutableSortedDictionaryGet - Package;2.220446049250313E-16
ConcurrentDictionaryGetRandom significantly different from ImmutableSortedDictionaryGet - DRAM;2.220446049250313E-16
ConcurrentDictionaryGetRandom significantly different from ImmutableSortedDictionaryGetRandom - Time;2.220446049250313E-16
ConcurrentDictionaryGetRandom significantly different from ImmutableSortedDictionaryGetRandom - Package;2.220446049250313E-16
ConcurrentDictionaryGetRandom significantly different from ImmutableSortedDictionaryGetRandom - DRAM;2.220446049250313E-16
ConcurrentDictionaryGetRandom significantly different from ReadOnlyDictionaryGet - Time;2.220446049250313E-16
ConcurrentDictionaryGetRandom significantly different from ReadOnlyDictionaryGet - Package;2.220446049250313E-16
ConcurrentDictionaryGetRandom significantly different from ReadOnlyDictionaryGet - DRAM;2.220446049250313E-16
ConcurrentDictionaryGetRandom significantly different from ReadOnlyDictionaryGetRandom - Time;2.220446049250313E-16
ConcurrentDictionaryGetRandom significantly different from ReadOnlyDictionaryGetRandom - Package;2.220446049250313E-16
ConcurrentDictionaryGetRandom significantly different from ReadOnlyDictionaryGetRandom - DRAM;2.220446049250313E-16
ConcurrentDictionaryGetRandom significantly different from SortedDictionaryGet - Time;2.220446049250313E-16
ConcurrentDictionaryGetRandom significantly different from SortedDictionaryGet - Package;2.220446049250313E-16
ConcurrentDictionaryGetRandom significantly different from SortedDictionaryGet - DRAM;2.220446049250313E-16
ConcurrentDictionaryGetRandom significantly different from SortedDictionaryGetRandom - Time;2.220446049250313E-16
ConcurrentDictionaryGetRandom significantly different from SortedDictionaryGetRandom - Package;2.220446049250313E-16
ConcurrentDictionaryGetRandom significantly different from SortedDictionaryGetRandom - DRAM;2.220446049250313E-16
ConcurrentDictionaryGetRandom significantly different from SortedListGet - Time;2.220446049250313E-16
ConcurrentDictionaryGetRandom significantly different from SortedListGet - Package;2.220446049250313E-16
ConcurrentDictionaryGetRandom significantly different from SortedListGet - DRAM;2.220446049250313E-16
ConcurrentDictionaryGetRandom significantly different from SortedListGetRandom - Time;2.220446049250313E-16
ConcurrentDictionaryGetRandom significantly different from SortedListGetRandom - Package;2.220446049250313E-16
ConcurrentDictionaryGetRandom significantly different from SortedListGetRandom - DRAM;2.220446049250313E-16
DictionaryGet significantly different from DictionaryGetRandom - Time;0.5301098371258437
DictionaryGet significantly different from DictionaryGetRandom - Package;0.4048818658272524
DictionaryGet significantly different from DictionaryGetRandom - DRAM;0.7961700878455695
DictionaryGet significantly different from HashtableGet - Time;2.220446049250313E-16
DictionaryGet significantly different from HashtableGet - Package;2.220446049250313E-16
DictionaryGet significantly different from HashtableGet - DRAM;2.220446049250313E-16
DictionaryGet significantly different from HashtableGetRandom - Time;2.220446049250313E-16
DictionaryGet significantly different from HashtableGetRandom - Package;2.220446049250313E-16
DictionaryGet significantly different from HashtableGetRandom - DRAM;2.220446049250313E-16
DictionaryGet significantly different from ImmutableDictionaryGet - Time;2.220446049250313E-16
DictionaryGet significantly different from ImmutableDictionaryGet - Package;2.220446049250313E-16
DictionaryGet significantly different from ImmutableDictionaryGet - DRAM;2.220446049250313E-16
DictionaryGet significantly different from ImmutableDictionaryGetRandom - Time;2.220446049250313E-16
DictionaryGet significantly different from ImmutableDictionaryGetRandom - Package;2.220446049250313E-16
DictionaryGet significantly different from ImmutableDictionaryGetRandom - DRAM;2.220446049250313E-16
DictionaryGet significantly different from ImmutableSortedDictionaryGet - Time;2.220446049250313E-16
DictionaryGet significantly different from ImmutableSortedDictionaryGet - Package;2.220446049250313E-16
DictionaryGet significantly different from ImmutableSortedDictionaryGet - DRAM;2.220446049250313E-16
DictionaryGet significantly different from ImmutableSortedDictionaryGetRandom - Time;2.220446049250313E-16
DictionaryGet significantly different from ImmutableSortedDictionaryGetRandom - Package;2.220446049250313E-16
DictionaryGet significantly different from ImmutableSortedDictionaryGetRandom - DRAM;2.220446049250313E-16
DictionaryGet significantly different from ReadOnlyDictionaryGet - Time;2.220446049250313E-16
DictionaryGet significantly different from ReadOnlyDictionaryGet - Package;2.220446049250313E-16
DictionaryGet significantly different from ReadOnlyDictionaryGet - DRAM;2.220446049250313E-16
DictionaryGet significantly different from ReadOnlyDictionaryGetRandom - Time;2.220446049250313E-16
DictionaryGet significantly different from ReadOnlyDictionaryGetRandom - Package;2.220446049250313E-16
DictionaryGet significantly different from ReadOnlyDictionaryGetRandom - DRAM;2.220446049250313E-16
DictionaryGet significantly different from SortedDictionaryGet - Time;2.220446049250313E-16
DictionaryGet significantly different from SortedDictionaryGet - Package;2.220446049250313E-16
DictionaryGet significantly different from SortedDictionaryGet - DRAM;2.220446049250313E-16
DictionaryGet significantly different from SortedDictionaryGetRandom - Time;2.220446049250313E-16
DictionaryGet significantly different from SortedDictionaryGetRandom - Package;2.220446049250313E-16
DictionaryGet significantly different from SortedDictionaryGetRandom - DRAM;2.220446049250313E-16
DictionaryGet significantly different from SortedListGet - Time;2.220446049250313E-16
DictionaryGet significantly different from SortedListGet - Package;2.220446049250313E-16
DictionaryGet significantly different from SortedListGet - DRAM;2.220446049250313E-16
DictionaryGet significantly different from SortedListGetRandom - Time;2.220446049250313E-16
DictionaryGet significantly different from SortedListGetRandom - Package;2.220446049250313E-16
DictionaryGet significantly different from SortedListGetRandom - DRAM;2.220446049250313E-16
DictionaryGetRandom significantly different from HashtableGet - Time;2.220446049250313E-16
DictionaryGetRandom significantly different from HashtableGet - Package;2.220446049250313E-16
DictionaryGetRandom significantly different from HashtableGet - DRAM;2.220446049250313E-16
DictionaryGetRandom significantly different from HashtableGetRandom - Time;2.220446049250313E-16
DictionaryGetRandom significantly different from HashtableGetRandom - Package;2.220446049250313E-16
DictionaryGetRandom significantly different from HashtableGetRandom - DRAM;2.220446049250313E-16
DictionaryGetRandom significantly different from ImmutableDictionaryGet - Time;2.220446049250313E-16
DictionaryGetRandom significantly different from ImmutableDictionaryGet - Package;2.220446049250313E-16
DictionaryGetRandom significantly different from ImmutableDictionaryGet - DRAM;2.220446049250313E-16
DictionaryGetRandom significantly different from ImmutableDictionaryGetRandom - Time;2.220446049250313E-16
DictionaryGetRandom significantly different from ImmutableDictionaryGetRandom - Package;2.220446049250313E-16
DictionaryGetRandom significantly different from ImmutableDictionaryGetRandom - DRAM;2.220446049250313E-16
DictionaryGetRandom significantly different from ImmutableSortedDictionaryGet - Time;2.220446049250313E-16
DictionaryGetRandom significantly different from ImmutableSortedDictionaryGet - Package;2.220446049250313E-16
DictionaryGetRandom significantly different from ImmutableSortedDictionaryGet - DRAM;2.220446049250313E-16
DictionaryGetRandom significantly different from ImmutableSortedDictionaryGetRandom - Time;2.220446049250313E-16
DictionaryGetRandom significantly different from ImmutableSortedDictionaryGetRandom - Package;2.220446049250313E-16
DictionaryGetRandom significantly different from ImmutableSortedDictionaryGetRandom - DRAM;2.220446049250313E-16
DictionaryGetRandom significantly different from ReadOnlyDictionaryGet - Time;2.220446049250313E-16
DictionaryGetRandom significantly different from ReadOnlyDictionaryGet - Package;2.220446049250313E-16
DictionaryGetRandom significantly different from ReadOnlyDictionaryGet - DRAM;2.220446049250313E-16
DictionaryGetRandom significantly different from ReadOnlyDictionaryGetRandom - Time;2.220446049250313E-16
DictionaryGetRandom significantly different from ReadOnlyDictionaryGetRandom - Package;2.220446049250313E-16
DictionaryGetRandom significantly different from ReadOnlyDictionaryGetRandom - DRAM;2.220446049250313E-16
DictionaryGetRandom significantly different from SortedDictionaryGet - Time;2.220446049250313E-16
DictionaryGetRandom significantly different from SortedDictionaryGet - Package;2.220446049250313E-16
DictionaryGetRandom significantly different from SortedDictionaryGet - DRAM;2.220446049250313E-16
DictionaryGetRandom significantly different from SortedDictionaryGetRandom - Time;2.220446049250313E-16
DictionaryGetRandom significantly different from SortedDictionaryGetRandom - Package;2.220446049250313E-16
DictionaryGetRandom significantly different from SortedDictionaryGetRandom - DRAM;2.220446049250313E-16
DictionaryGetRandom significantly different from SortedListGet - Time;2.220446049250313E-16
DictionaryGetRandom significantly different from SortedListGet - Package;2.220446049250313E-16
DictionaryGetRandom significantly different from SortedListGet - DRAM;2.220446049250313E-16
DictionaryGetRandom significantly different from SortedListGetRandom - Time;2.220446049250313E-16
DictionaryGetRandom significantly different from SortedListGetRandom - Package;2.220446049250313E-16
DictionaryGetRandom significantly different from SortedListGetRandom - DRAM;2.220446049250313E-16
HashtableGet significantly different from HashtableGetRandom - Time;2.220446049250313E-16
HashtableGet significantly different from HashtableGetRandom - Package;6.183942247162122E-13
HashtableGet significantly different from HashtableGetRandom - DRAM;2.220446049250313E-16
HashtableGet significantly different from ImmutableDictionaryGet - Time;2.220446049250313E-16
HashtableGet significantly different from ImmutableDictionaryGet - Package;2.220446049250313E-16
HashtableGet significantly different from ImmutableDictionaryGet - DRAM;2.220446049250313E-16
HashtableGet significantly different from ImmutableDictionaryGetRandom - Time;2.220446049250313E-16
HashtableGet significantly different from ImmutableDictionaryGetRandom - Package;2.220446049250313E-16
HashtableGet significantly different from ImmutableDictionaryGetRandom - DRAM;2.220446049250313E-16
HashtableGet significantly different from ImmutableSortedDictionaryGet - Time;2.220446049250313E-16
HashtableGet significantly different from ImmutableSortedDictionaryGet - Package;2.220446049250313E-16
HashtableGet significantly different from ImmutableSortedDictionaryGet - DRAM;2.220446049250313E-16
HashtableGet significantly different from ImmutableSortedDictionaryGetRandom - Time;2.220446049250313E-16
HashtableGet significantly different from ImmutableSortedDictionaryGetRandom - Package;2.220446049250313E-16
HashtableGet significantly different from ImmutableSortedDictionaryGetRandom - DRAM;2.220446049250313E-16
HashtableGet significantly different from ReadOnlyDictionaryGet - Time;2.220446049250313E-16
HashtableGet significantly different from ReadOnlyDictionaryGet - Package;2.220446049250313E-16
HashtableGet significantly different from ReadOnlyDictionaryGet - DRAM;2.220446049250313E-16
HashtableGet significantly different from ReadOnlyDictionaryGetRandom - Time;2.220446049250313E-16
HashtableGet significantly different from ReadOnlyDictionaryGetRandom - Package;2.220446049250313E-16
HashtableGet significantly different from ReadOnlyDictionaryGetRandom - DRAM;2.220446049250313E-16
HashtableGet significantly different from SortedDictionaryGet - Time;2.220446049250313E-16
HashtableGet significantly different from SortedDictionaryGet - Package;2.220446049250313E-16
HashtableGet significantly different from SortedDictionaryGet - DRAM;2.220446049250313E-16
HashtableGet significantly different from SortedDictionaryGetRandom - Time;2.220446049250313E-16
HashtableGet significantly different from SortedDictionaryGetRandom - Package;2.220446049250313E-16
HashtableGet significantly different from SortedDictionaryGetRandom - DRAM;2.220446049250313E-16
HashtableGet significantly different from SortedListGet - Time;2.220446049250313E-16
HashtableGet significantly different from SortedListGet - Package;2.220446049250313E-16
HashtableGet significantly different from SortedListGet - DRAM;2.220446049250313E-16
HashtableGet significantly different from SortedListGetRandom - Time;2.220446049250313E-16
HashtableGet significantly different from SortedListGetRandom - Package;2.220446049250313E-16
HashtableGet significantly different from SortedListGetRandom - DRAM;2.220446049250313E-16
HashtableGetRandom significantly different from ImmutableDictionaryGet - Time;2.220446049250313E-16
HashtableGetRandom significantly different from ImmutableDictionaryGet - Package;2.220446049250313E-16
HashtableGetRandom significantly different from ImmutableDictionaryGet - DRAM;2.220446049250313E-16
HashtableGetRandom significantly different from ImmutableDictionaryGetRandom - Time;2.220446049250313E-16
HashtableGetRandom significantly different from ImmutableDictionaryGetRandom - Package;2.220446049250313E-16
HashtableGetRandom significantly different from ImmutableDictionaryGetRandom - DRAM;2.220446049250313E-16
HashtableGetRandom significantly different from ImmutableSortedDictionaryGet - Time;2.220446049250313E-16
HashtableGetRandom significantly different from ImmutableSortedDictionaryGet - Package;2.220446049250313E-16
HashtableGetRandom significantly different from ImmutableSortedDictionaryGet - DRAM;2.220446049250313E-16
HashtableGetRandom significantly different from ImmutableSortedDictionaryGetRandom - Time;2.220446049250313E-16
HashtableGetRandom significantly different from ImmutableSortedDictionaryGetRandom - Package;2.220446049250313E-16
HashtableGetRandom significantly different from ImmutableSortedDictionaryGetRandom - DRAM;2.220446049250313E-16
HashtableGetRandom significantly different from ReadOnlyDictionaryGet - Time;2.220446049250313E-16
HashtableGetRandom significantly different from ReadOnlyDictionaryGet - Package;2.220446049250313E-16
HashtableGetRandom significantly different from ReadOnlyDictionaryGet - DRAM;2.220446049250313E-16
HashtableGetRandom significantly different from ReadOnlyDictionaryGetRandom - Time;2.220446049250313E-16
HashtableGetRandom significantly different from ReadOnlyDictionaryGetRandom - Package;2.220446049250313E-16
HashtableGetRandom significantly different from ReadOnlyDictionaryGetRandom - DRAM;2.220446049250313E-16
HashtableGetRandom significantly different from SortedDictionaryGet - Time;2.220446049250313E-16
HashtableGetRandom significantly different from SortedDictionaryGet - Package;2.220446049250313E-16
HashtableGetRandom significantly different from SortedDictionaryGet - DRAM;2.220446049250313E-16
HashtableGetRandom significantly different from SortedDictionaryGetRandom - Time;2.220446049250313E-16
HashtableGetRandom significantly different from SortedDictionaryGetRandom - Package;2.220446049250313E-16
HashtableGetRandom significantly different from SortedDictionaryGetRandom - DRAM;2.220446049250313E-16
HashtableGetRandom significantly different from SortedListGet - Time;2.220446049250313E-16
HashtableGetRandom significantly different from SortedListGet - Package;2.220446049250313E-16
HashtableGetRandom significantly different from SortedListGet - DRAM;2.220446049250313E-16
HashtableGetRandom significantly different from SortedListGetRandom - Time;2.220446049250313E-16
HashtableGetRandom significantly different from SortedListGetRandom - Package;2.220446049250313E-16
HashtableGetRandom significantly different from SortedListGetRandom - DRAM;2.220446049250313E-16
ImmutableDictionaryGet significantly different from ImmutableDictionaryGetRandom - Time;2.220446049250313E-16
ImmutableDictionaryGet significantly different from ImmutableDictionaryGetRandom - Package;2.220446049250313E-16
ImmutableDictionaryGet significantly different from ImmutableDictionaryGetRandom - DRAM;2.220446049250313E-16
ImmutableDictionaryGet significantly different from ImmutableSortedDictionaryGet - Time;2.220446049250313E-16
ImmutableDictionaryGet significantly different from ImmutableSortedDictionaryGet - Package;2.220446049250313E-16
ImmutableDictionaryGet significantly different from ImmutableSortedDictionaryGet - DRAM;2.220446049250313E-16
ImmutableDictionaryGet significantly different from ImmutableSortedDictionaryGetRandom - Time;2.220446049250313E-16
ImmutableDictionaryGet significantly different from ImmutableSortedDictionaryGetRandom - Package;2.220446049250313E-16
ImmutableDictionaryGet significantly different from ImmutableSortedDictionaryGetRandom - DRAM;2.220446049250313E-16
ImmutableDictionaryGet significantly different from ReadOnlyDictionaryGet - Time;2.220446049250313E-16
ImmutableDictionaryGet significantly different from ReadOnlyDictionaryGet - Package;2.220446049250313E-16
ImmutableDictionaryGet significantly different from ReadOnlyDictionaryGet - DRAM;2.220446049250313E-16
ImmutableDictionaryGet significantly different from ReadOnlyDictionaryGetRandom - Time;2.220446049250313E-16
ImmutableDictionaryGet significantly different from ReadOnlyDictionaryGetRandom - Package;2.220446049250313E-16
ImmutableDictionaryGet significantly different from ReadOnlyDictionaryGetRandom - DRAM;2.220446049250313E-16
ImmutableDictionaryGet significantly different from SortedDictionaryGet - Time;2.220446049250313E-16
ImmutableDictionaryGet significantly different from SortedDictionaryGet - Package;2.220446049250313E-16
ImmutableDictionaryGet significantly different from SortedDictionaryGet - DRAM;2.220446049250313E-16
ImmutableDictionaryGet significantly different from SortedDictionaryGetRandom - Time;2.220446049250313E-16
ImmutableDictionaryGet significantly different from SortedDictionaryGetRandom - Package;2.220446049250313E-16
ImmutableDictionaryGet significantly different from SortedDictionaryGetRandom - DRAM;2.220446049250313E-16
ImmutableDictionaryGet significantly different from SortedListGet - Time;2.220446049250313E-16
ImmutableDictionaryGet significantly different from SortedListGet - Package;2.220446049250313E-16
ImmutableDictionaryGet significantly different from SortedListGet - DRAM;2.220446049250313E-16
ImmutableDictionaryGet significantly different from SortedListGetRandom - Time;2.220446049250313E-16
ImmutableDictionaryGet significantly different from SortedListGetRandom - Package;2.220446049250313E-16
ImmutableDictionaryGet significantly different from SortedListGetRandom - DRAM;2.220446049250313E-16
ImmutableDictionaryGetRandom significantly different from ImmutableSortedDictionaryGet - Time;2.220446049250313E-16
ImmutableDictionaryGetRandom significantly different from ImmutableSortedDictionaryGet - Package;2.220446049250313E-16
ImmutableDictionaryGetRandom significantly different from ImmutableSortedDictionaryGet - DRAM;2.220446049250313E-16
ImmutableDictionaryGetRandom significantly different from ImmutableSortedDictionaryGetRandom - Time;2.220446049250313E-16
ImmutableDictionaryGetRandom significantly different from ImmutableSortedDictionaryGetRandom - Package;2.220446049250313E-16
ImmutableDictionaryGetRandom significantly different from ImmutableSortedDictionaryGetRandom - DRAM;2.220446049250313E-16
ImmutableDictionaryGetRandom significantly different from ReadOnlyDictionaryGet - Time;2.220446049250313E-16
ImmutableDictionaryGetRandom significantly different from ReadOnlyDictionaryGet - Package;2.220446049250313E-16
ImmutableDictionaryGetRandom significantly different from ReadOnlyDictionaryGet - DRAM;2.220446049250313E-16
ImmutableDictionaryGetRandom significantly different from ReadOnlyDictionaryGetRandom - Time;2.220446049250313E-16
ImmutableDictionaryGetRandom significantly different from ReadOnlyDictionaryGetRandom - Package;2.220446049250313E-16
ImmutableDictionaryGetRandom significantly different from ReadOnlyDictionaryGetRandom - DRAM;2.220446049250313E-16
ImmutableDictionaryGetRandom significantly different from SortedDictionaryGet - Time;2.220446049250313E-16
ImmutableDictionaryGetRandom significantly different from SortedDictionaryGet - Package;2.220446049250313E-16
ImmutableDictionaryGetRandom significantly different from SortedDictionaryGet - DRAM;2.220446049250313E-16
ImmutableDictionaryGetRandom significantly different from SortedDictionaryGetRandom - Time;2.220446049250313E-16
ImmutableDictionaryGetRandom significantly different from SortedDictionaryGetRandom - Package;2.220446049250313E-16
ImmutableDictionaryGetRandom significantly different from SortedDictionaryGetRandom - DRAM;2.220446049250313E-16
ImmutableDictionaryGetRandom significantly different from SortedListGet - Time;2.220446049250313E-16
ImmutableDictionaryGetRandom significantly different from SortedListGet - Package;2.220446049250313E-16
ImmutableDictionaryGetRandom significantly different from SortedListGet - DRAM;2.220446049250313E-16
ImmutableDictionaryGetRandom significantly different from SortedListGetRandom - Time;2.220446049250313E-16
ImmutableDictionaryGetRandom significantly different from SortedListGetRandom - Package;2.220446049250313E-16
ImmutableDictionaryGetRandom significantly different from SortedListGetRandom - DRAM;2.220446049250313E-16
ImmutableSortedDictionaryGet significantly different from ImmutableSortedDictionaryGetRandom - Time;2.220446049250313E-16
ImmutableSortedDictionaryGet significantly different from ImmutableSortedDictionaryGetRandom - Package;2.220446049250313E-16
ImmutableSortedDictionaryGet significantly different from ImmutableSortedDictionaryGetRandom - DRAM;2.220446049250313E-16
ImmutableSortedDictionaryGet significantly different from ReadOnlyDictionaryGet - Time;2.220446049250313E-16
ImmutableSortedDictionaryGet significantly different from ReadOnlyDictionaryGet - Package;2.220446049250313E-16
ImmutableSortedDictionaryGet significantly different from ReadOnlyDictionaryGet - DRAM;2.220446049250313E-16
ImmutableSortedDictionaryGet significantly different from ReadOnlyDictionaryGetRandom - Time;2.220446049250313E-16
ImmutableSortedDictionaryGet significantly different from ReadOnlyDictionaryGetRandom - Package;2.220446049250313E-16
ImmutableSortedDictionaryGet significantly different from ReadOnlyDictionaryGetRandom - DRAM;2.220446049250313E-16
ImmutableSortedDictionaryGet significantly different from SortedDictionaryGet - Time;2.220446049250313E-16
ImmutableSortedDictionaryGet significantly different from SortedDictionaryGet - Package;2.220446049250313E-16
ImmutableSortedDictionaryGet significantly different from SortedDictionaryGet - DRAM;2.220446049250313E-16
ImmutableSortedDictionaryGet significantly different from SortedDictionaryGetRandom - Time;2.220446049250313E-16
ImmutableSortedDictionaryGet significantly different from SortedDictionaryGetRandom - Package;2.220446049250313E-16
ImmutableSortedDictionaryGet significantly different from SortedDictionaryGetRandom - DRAM;2.220446049250313E-16
ImmutableSortedDictionaryGet significantly different from SortedListGet - Time;2.220446049250313E-16
ImmutableSortedDictionaryGet significantly different from SortedListGet - Package;2.220446049250313E-16
ImmutableSortedDictionaryGet significantly different from SortedListGet - DRAM;2.220446049250313E-16
ImmutableSortedDictionaryGet significantly different from SortedListGetRandom - Time;2.220446049250313E-16
ImmutableSortedDictionaryGet significantly different from SortedListGetRandom - Package;2.220446049250313E-16
ImmutableSortedDictionaryGet significantly different from SortedListGetRandom - DRAM;2.220446049250313E-16
ImmutableSortedDictionaryGetRandom significantly different from ReadOnlyDictionaryGet - Time;2.220446049250313E-16
ImmutableSortedDictionaryGetRandom significantly different from ReadOnlyDictionaryGet - Package;2.220446049250313E-16
ImmutableSortedDictionaryGetRandom significantly different from ReadOnlyDictionaryGet - DRAM;2.220446049250313E-16
ImmutableSortedDictionaryGetRandom significantly different from ReadOnlyDictionaryGetRandom - Time;2.220446049250313E-16
ImmutableSortedDictionaryGetRandom significantly different from ReadOnlyDictionaryGetRandom - Package;2.220446049250313E-16
ImmutableSortedDictionaryGetRandom significantly different from ReadOnlyDictionaryGetRandom - DRAM;2.220446049250313E-16
ImmutableSortedDictionaryGetRandom significantly different from SortedDictionaryGet - Time;2.220446049250313E-16
ImmutableSortedDictionaryGetRandom significantly different from SortedDictionaryGet - Package;2.220446049250313E-16
ImmutableSortedDictionaryGetRandom significantly different from SortedDictionaryGet - DRAM;2.220446049250313E-16
ImmutableSortedDictionaryGetRandom significantly different from SortedDictionaryGetRandom - Time;2.220446049250313E-16
ImmutableSortedDictionaryGetRandom significantly different from SortedDictionaryGetRandom - Package;2.220446049250313E-16
ImmutableSortedDictionaryGetRandom significantly different from SortedDictionaryGetRandom - DRAM;2.220446049250313E-16
ImmutableSortedDictionaryGetRandom significantly different from SortedListGet - Time;2.220446049250313E-16
ImmutableSortedDictionaryGetRandom significantly different from SortedListGet - Package;2.220446049250313E-16
ImmutableSortedDictionaryGetRandom significantly different from SortedListGet - DRAM;2.220446049250313E-16
ImmutableSortedDictionaryGetRandom significantly different from SortedListGetRandom - Time;2.220446049250313E-16
ImmutableSortedDictionaryGetRandom significantly different from SortedListGetRandom - Package;0.2964793900010487
ImmutableSortedDictionaryGetRandom significantly different from SortedListGetRandom - DRAM;2.220446049250313E-16
ReadOnlyDictionaryGet significantly different from ReadOnlyDictionaryGetRandom - Time;3.963186586242173E-06
ReadOnlyDictionaryGet significantly different from ReadOnlyDictionaryGetRandom - Package;0.4180952809593934
ReadOnlyDictionaryGet significantly different from ReadOnlyDictionaryGetRandom - DRAM;0.0046590401800497006
ReadOnlyDictionaryGet significantly different from SortedDictionaryGet - Time;2.220446049250313E-16
ReadOnlyDictionaryGet significantly different from SortedDictionaryGet - Package;2.220446049250313E-16
ReadOnlyDictionaryGet significantly different from SortedDictionaryGet - DRAM;2.220446049250313E-16
ReadOnlyDictionaryGet significantly different from SortedDictionaryGetRandom - Time;2.220446049250313E-16
ReadOnlyDictionaryGet significantly different from SortedDictionaryGetRandom - Package;2.220446049250313E-16
ReadOnlyDictionaryGet significantly different from SortedDictionaryGetRandom - DRAM;2.220446049250313E-16
ReadOnlyDictionaryGet significantly different from SortedListGet - Time;2.220446049250313E-16
ReadOnlyDictionaryGet significantly different from SortedListGet - Package;2.220446049250313E-16
ReadOnlyDictionaryGet significantly different from SortedListGet - DRAM;2.220446049250313E-16
ReadOnlyDictionaryGet significantly different from SortedListGetRandom - Time;2.220446049250313E-16
ReadOnlyDictionaryGet significantly different from SortedListGetRandom - Package;2.220446049250313E-16
ReadOnlyDictionaryGet significantly different from SortedListGetRandom - DRAM;2.220446049250313E-16
ReadOnlyDictionaryGetRandom significantly different from SortedDictionaryGet - Time;2.220446049250313E-16
ReadOnlyDictionaryGetRandom significantly different from SortedDictionaryGet - Package;2.220446049250313E-16
ReadOnlyDictionaryGetRandom significantly different from SortedDictionaryGet - DRAM;2.220446049250313E-16
ReadOnlyDictionaryGetRandom significantly different from SortedDictionaryGetRandom - Time;2.220446049250313E-16
ReadOnlyDictionaryGetRandom significantly different from SortedDictionaryGetRandom - Package;2.220446049250313E-16
ReadOnlyDictionaryGetRandom significantly different from SortedDictionaryGetRandom - DRAM;2.220446049250313E-16
ReadOnlyDictionaryGetRandom significantly different from SortedListGet - Time;2.220446049250313E-16
ReadOnlyDictionaryGetRandom significantly different from SortedListGet - Package;2.220446049250313E-16
ReadOnlyDictionaryGetRandom significantly different from SortedListGet - DRAM;2.220446049250313E-16
ReadOnlyDictionaryGetRandom significantly different from SortedListGetRandom - Time;2.220446049250313E-16
ReadOnlyDictionaryGetRandom significantly different from SortedListGetRandom - Package;2.220446049250313E-16
ReadOnlyDictionaryGetRandom significantly different from SortedListGetRandom - DRAM;2.220446049250313E-16
SortedDictionaryGet significantly different from SortedDictionaryGetRandom - Time;2.220446049250313E-16
SortedDictionaryGet significantly different from SortedDictionaryGetRandom - Package;2.220446049250313E-16
SortedDictionaryGet significantly different from SortedDictionaryGetRandom - DRAM;2.220446049250313E-16
SortedDictionaryGet significantly different from SortedListGet - Time;2.220446049250313E-16
SortedDictionaryGet significantly different from SortedListGet - Package;2.220446049250313E-16
SortedDictionaryGet significantly different from SortedListGet - DRAM;2.220446049250313E-16
SortedDictionaryGet significantly different from SortedListGetRandom - Time;2.220446049250313E-16
SortedDictionaryGet significantly different from SortedListGetRandom - Package;2.220446049250313E-16
SortedDictionaryGet significantly different from SortedListGetRandom - DRAM;2.220446049250313E-16
SortedDictionaryGetRandom significantly different from SortedListGet - Time;2.220446049250313E-16
SortedDictionaryGetRandom significantly different from SortedListGet - Package;2.220446049250313E-16
SortedDictionaryGetRandom significantly different from SortedListGet - DRAM;2.220446049250313E-16
SortedDictionaryGetRandom significantly different from SortedListGetRandom - Time;2.220446049250313E-16
SortedDictionaryGetRandom significantly different from SortedListGetRandom - Package;2.220446049250313E-16
SortedDictionaryGetRandom significantly different from SortedListGetRandom - DRAM;2.220446049250313E-16
SortedListGet significantly different from SortedListGetRandom - Time;2.220446049250313E-16
SortedListGet significantly different from SortedListGetRandom - Package;2.220446049250313E-16
SortedListGet significantly different from SortedListGetRandom - DRAM;2.220446049250313E-16
