Key;Value
HashSetGet significantly different from ImmutableHashSetGet - Time;2.220446049250313E-16
HashSetGet significantly different from ImmutableHashSetGet - Package;2.220446049250313E-16
HashSetGet significantly different from ImmutableHashSetGet - DRAM;2.220446049250313E-16
HashSetGet significantly different from ImmutableSortedSetGet - Time;2.220446049250313E-16
HashSetGet significantly different from ImmutableSortedSetGet - Package;2.220446049250313E-16
HashSetGet significantly different from ImmutableSortedSetGet - DRAM;2.220446049250313E-16
HashSetGet significantly different from SortedSetGet - Time;2.220446049250313E-16
HashSetGet significantly different from SortedSetGet - Package;2.220446049250313E-16
HashSetGet significantly different from SortedSetGet - DRAM;2.220446049250313E-16
ImmutableHashSetGet significantly different from ImmutableSortedSetGet - Time;2.220446049250313E-16
ImmutableHashSetGet significantly different from ImmutableSortedSetGet - Package;2.220446049250313E-16
ImmutableHashSetGet significantly different from ImmutableSortedSetGet - DRAM;2.220446049250313E-16
ImmutableHashSetGet significantly different from SortedSetGet - Time;2.220446049250313E-16
ImmutableHashSetGet significantly different from SortedSetGet - Package;2.220446049250313E-16
ImmutableHashSetGet significantly different from SortedSetGet - DRAM;2.220446049250313E-16
ImmutableSortedSetGet significantly different from SortedSetGet - Time;2.220446049250313E-16
ImmutableSortedSetGet significantly different from SortedSetGet - Package;1.1479706074624119E-11
ImmutableSortedSetGet significantly different from SortedSetGet - DRAM;2.220446049250313E-16
